,loss,accuracy,binary_accuracy,dice_score,io_u,binary_io_u,val_loss,val_accuracy,val_binary_accuracy,val_dice_score,val_io_u,val_binary_io_u
0,0.5721548795700073,0.5550969839096069,0.5550969839096069,0.4463553726673126,0.0,0.250387966632843,0.46045464277267456,0.47756779193878174,0.47756779193878174,0.5398916602134705,0.0,0.4499923288822174
1,0.40822339057922363,0.4536617398262024,0.4536617398262024,0.5977997779846191,0.0,0.439168781042099,0.4043291211128235,0.44509151577949524,0.44509151577949524,0.5959901809692383,0.0,0.4374068081378937
2,0.3856450915336609,0.4448467195034027,0.4448467195034027,0.6169711947441101,0.0,0.43652182817459106,0.38820120692253113,0.4437423646450043,0.4437423646450043,0.6120604276657104,0.0,0.4368884861469269
3,0.3853534162044525,0.4449068009853363,0.4449068009853363,0.6189469695091248,0.0,0.4374523162841797,0.3843785524368286,0.4435208737850189,0.4435208737850189,0.6158579587936401,0.0,0.4368036091327667
4,0.3902042806148529,0.4402950406074524,0.4402950406074524,0.6117390990257263,0.0,0.4330536723136902,0.38357651233673096,0.44366684556007385,0.44366684556007385,0.6166543364524841,0.0,0.4368695914745331
5,0.38925495743751526,0.44219741225242615,0.44219741225242615,0.6143640875816345,0.0,0.43482473492622375,0.38318905234336853,0.44467517733573914,0.44467517733573914,0.6170401573181152,0.0,0.4373033344745636
6,0.3906393349170685,0.4416322708129883,0.4416322708129883,0.6127219200134277,0.0,0.43373221158981323,0.38265594840049744,0.4459894895553589,0.4459894895553589,0.6175714731216431,0.0,0.4378393292427063
7,0.38952988386154175,0.4436527192592621,0.4436527192592621,0.6138380169868469,0.0,0.43502476811408997,0.3818594515323639,0.44665172696113586,0.44665172696113586,0.6183658242225647,0.0,0.4381086528301239
8,0.3875787854194641,0.44537410140037537,0.44537410140037537,0.6155612468719482,0.0,0.435981810092926,0.3809675872325897,0.44756951928138733,0.44756951928138733,0.6192561388015747,0.0,0.43847206234931946
9,0.3852055072784424,0.4476984143257141,0.4476984143257141,0.6175363659858704,0.0,0.4375919997692108,0.3806042969226837,0.4504648745059967,0.4504648745059967,0.6196240186691284,0.0,0.4394873082637787
10,0.3831825256347656,0.4492591917514801,0.4492591917514801,0.6205629706382751,0.0,0.43748974800109863,0.38238778710365295,0.4540364444255829,0.4540364444255829,0.6178679466247559,0.0,0.4409572184085846
11,0.3800741732120514,0.45314082503318787,0.45314082503318787,0.6226770281791687,0.0,0.4381835162639618,0.3914700150489807,0.46430689096450806,0.46430689096450806,0.6088587641716003,0.0,0.44523924589157104
12,0.37398117780685425,0.47457656264305115,0.47457656264305115,0.6302070617675781,0.0,0.4486720860004425,0.40519365668296814,0.5450281500816345,0.5450281500816345,0.595219075679779,0.0,0.48163852095603943
13,0.3630981743335724,0.5318145751953125,0.5318145751953125,0.6417192816734314,0.0,0.47529137134552,0.36477649211883545,0.5959701538085938,0.5959701538085938,0.6356180906295776,0.0,0.5076279044151306
14,0.34561753273010254,0.5819185376167297,0.5819185376167297,0.6588025093078613,0.0,0.5014317035675049,0.3601132929325104,0.6688268184661865,0.6688268184661865,0.640407919883728,0.0,0.5452141761779785
15,0.33459413051605225,0.6360021829605103,0.6360021829605103,0.6693952679634094,0.0,0.5246407985687256,0.3258166015148163,0.6761123538017273,0.6761123538017273,0.6746327877044678,0.0,0.5539910793304443
16,0.31779026985168457,0.6531879305839539,0.6531879305839539,0.6863193511962891,0.0,0.5365304350852966,0.3135320544242859,0.7163935303688049,0.7163935303688049,0.6869969367980957,0.0,0.5750950574874878
17,0.3088114857673645,0.6847200393676758,0.6847200393676758,0.6940074563026428,0.0,0.5514243245124817,0.2991280257701874,0.7137171626091003,0.7137171626091003,0.7013354301452637,0.0,0.5758894085884094
18,0.2994508743286133,0.6956726312637329,0.6956726312637329,0.7015302777290344,2.0210265574860387e-05,0.5586360096931458,0.2917128801345825,0.7163146734237671,0.7163146734237671,0.7087119817733765,0.0,0.577416718006134
19,0.2950630187988281,0.7035535573959351,0.7035535573959351,0.7066235542297363,0.00303719867952168,0.5603194236755371,0.2846347689628601,0.7284657955169678,0.7284657955169678,0.7157742977142334,0.0,0.5836939215660095
20,0.2843440771102905,0.723034679889679,0.723034679889679,0.7169107794761658,0.016540560871362686,0.5717011094093323,0.2816091477870941,0.7254002690315247,0.7254002690315247,0.7187590599060059,0.0,0.5826675891876221
21,0.2789507508277893,0.7252391576766968,0.7252391576766968,0.7237630486488342,0.09034106880426407,0.5758622884750366,0.2748602032661438,0.736438512802124,0.736438512802124,0.7255368828773499,0.0,0.5890904664993286
22,0.27583542466163635,0.7363435626029968,0.7363435626029968,0.7261093258857727,0.12432294338941574,0.5788516998291016,0.2768198549747467,0.7224723696708679,0.7224723696708679,0.7235223054885864,0.004016255959868431,0.5828972458839417
23,0.27587342262268066,0.7294832468032837,0.7294832468032837,0.7246320843696594,0.24262598156929016,0.5761041045188904,0.2677015960216522,0.7395398616790771,0.7395398616790771,0.7326788306236267,0.0054208263754844666,0.5932109951972961
24,0.2689608633518219,0.7429868578910828,0.7429868578910828,0.7338054776191711,0.30100196599960327,0.5845316052436829,0.26805558800697327,0.7330276370048523,0.7330276370048523,0.732268214225769,0.04601313918828964,0.5907838940620422
25,0.27125126123428345,0.7444053888320923,0.7444053888320923,0.7293608784675598,0.27920666337013245,0.5802715420722961,0.27289754152297974,0.719897449016571,0.719897449016571,0.7273694276809692,0.1515539586544037,0.583433985710144
26,0.2726135551929474,0.7270660400390625,0.7270660400390625,0.7297768592834473,0.5158445835113525,0.5766193866729736,0.26662781834602356,0.7303624749183655,0.7303624749183655,0.733643651008606,0.16395042836666107,0.5903950333595276
27,0.2694386839866638,0.7549120187759399,0.7549120187759399,0.7252731919288635,0.31397730112075806,0.5827199816703796,0.2742868959903717,0.7127876281738281,0.7127876281738281,0.7259501218795776,0.27934032678604126,0.5796869993209839
28,0.27953141927719116,0.6975137591362,0.6975137591362,0.7199878692626953,0.5779226422309875,0.5673059225082397,0.3161987066268921,0.6319526433944702,0.6319526433944702,0.6840274930000305,0.44947975873947144,0.527815043926239
29,0.3126145303249359,0.6314390301704407,0.6314390301704407,0.6894132494926453,0.5716560482978821,0.5274564027786255,0.3152531087398529,0.6329399347305298,0.6329399347305298,0.6849789619445801,0.45159441232681274,0.528903603553772
30,0.3104521632194519,0.6402305364608765,0.6402305364608765,0.692753791809082,0.5649701356887817,0.529937207698822,0.2898172438144684,0.6816213130950928,0.6816213130950928,0.710417628288269,0.40981802344322205,0.5603237748146057
31,0.2785739004611969,0.7034538388252258,0.7034538388252258,0.7266122698783875,0.585201621055603,0.5696586966514587,0.25779804587364197,0.750903308391571,0.750903308391571,0.7425471544265747,0.1821194738149643,0.6038573980331421
32,0.2668890357017517,0.765637218952179,0.765637218952179,0.7310057282447815,0.35369816422462463,0.5882580280303955,0.25402337312698364,0.7638728022575378,0.7638728022575378,0.746330976486206,0.1046547144651413,0.6090247631072998
33,0.259465754032135,0.7638885378837585,0.7638885378837585,0.7412311434745789,0.43424466252326965,0.596545398235321,0.2615405321121216,0.7404518127441406,0.7404518127441406,0.7387945055961609,0.2139488309621811,0.598247230052948
34,0.2649529278278351,0.7412988543510437,0.7412988543510437,0.7365959286689758,0.5607688426971436,0.5881634950637817,0.2629784643650055,0.7363365292549133,0.7363365292549133,0.7373440861701965,0.22382308542728424,0.5956708788871765
35,0.26495224237442017,0.7412954568862915,0.7412954568862915,0.7368221282958984,0.5647444128990173,0.5880886316299438,0.25643959641456604,0.750603973865509,0.750603973865509,0.7439092397689819,0.15746387839317322,0.6037464141845703
36,0.25581470131874084,0.7648546099662781,0.7648546099662781,0.7441195845603943,0.5025008320808411,0.59919273853302,0.2496885359287262,0.7691907286643982,0.7691907286643982,0.7506933212280273,0.083338662981987,0.6123965382575989
37,0.255420058965683,0.7805608510971069,0.7805608510971069,0.7449927926063538,0.3456343710422516,0.6004424095153809,0.2511906027793884,0.7593439817428589,0.7593439817428589,0.749169111251831,0.12686067819595337,0.6098061800003052
38,0.2525044083595276,0.7649917602539062,0.7649917602539062,0.7496182322502136,0.5112122297286987,0.6031063199043274,0.2539781630039215,0.7491900324821472,0.7491900324821472,0.7463439702987671,0.1756424456834793,0.6055656671524048
39,0.24689772725105286,0.7679424285888672,0.7679424285888672,0.7565179467201233,0.540307343006134,0.6092134118080139,0.24168959259986877,0.7755546569824219,0.7755546569824219,0.7585064172744751,0.08370847254991531,0.6215952038764954
40,0.2453632354736328,0.7978864908218384,0.7978864908218384,0.7547256946563721,0.27771705389022827,0.6148127913475037,0.2522552013397217,0.7478055357933044,0.7478055357933044,0.7480368614196777,0.19280888140201569,0.6068557500839233
41,0.24866728484630585,0.7599722146987915,0.7599722146987915,0.7528230547904968,0.5628304481506348,0.6067659854888916,0.2545425593852997,0.7418367862701416,0.7418367862701416,0.7457244396209717,0.2244809865951538,0.6033629179000854
42,0.24506504833698273,0.7673175930976868,0.7673175930976868,0.7554082870483398,0.5569444894790649,0.610569417476654,0.23225685954093933,0.7847824096679688,0.7847824096679688,0.7678249478340149,0.09244721382856369,0.6332011222839355
43,0.23028703033924103,0.8078061938285828,0.8078061938285828,0.7705390453338623,0.34882697463035583,0.6330464482307434,0.2416282296180725,0.7629659175872803,0.7629659175872803,0.7585920095443726,0.15905408561229706,0.6198696494102478
44,0.22268612682819366,0.8047052621841431,0.8047052621841431,0.775951623916626,0.45134225487709045,0.6404338479042053,0.2253732681274414,0.7913559079170227,0.7913559079170227,0.7747474908828735,0.08938169479370117,0.6416903138160706
45,0.21703124046325684,0.8170846700668335,0.8170846700668335,0.7798805236816406,0.4081980586051941,0.6501467823982239,0.22621764242649078,0.7850634455680847,0.7850634455680847,0.773878812789917,0.10952982306480408,0.6398957371711731
46,0.2204100340604782,0.8155889511108398,0.8155889511108398,0.7781327366828918,0.37928134202957153,0.6456471681594849,0.2368389070034027,0.7640312314033508,0.7640312314033508,0.7632304430007935,0.163581982254982,0.6250712275505066
47,0.21617460250854492,0.8171411752700806,0.8171411752700806,0.779677152633667,0.4101071059703827,0.651973307132721,0.24995069205760956,0.7412790656089783,0.7412790656089783,0.7501039505004883,0.22784672677516937,0.6075565218925476
48,0.24688315391540527,0.7479747533798218,0.7479747533798218,0.7512008547782898,0.6114187240600586,0.6072437763214111,0.27266067266464233,0.703485369682312,0.703485369682312,0.7274444103240967,0.32317906618118286,0.5786638259887695
49,0.2494475543498993,0.7435714602470398,0.7435714602470398,0.7555184364318848,0.6208876967430115,0.60325688123703,0.20950670540332794,0.806652307510376,0.806652307510376,0.7906497716903687,0.11453734338283539,0.6630549430847168
50,0.2202416956424713,0.8249677419662476,0.8249677419662476,0.7799859046936035,0.33974987268447876,0.6466559767723083,0.2622625529766083,0.720154345035553,0.720154345035553,0.7378652095794678,0.28034088015556335,0.5917423963546753
51,0.2628345489501953,0.7228727340698242,0.7228727340698242,0.7378861308097839,0.6147127151489258,0.5870607495307922,0.2762528657913208,0.6961555480957031,0.6961555480957031,0.7238953113555908,0.29737091064453125,0.5740249752998352
52,0.266168475151062,0.7163984179496765,0.7163984179496765,0.7379865646362305,0.6150145530700684,0.582893431186676,0.24696138501167297,0.7455869317054749,0.7455869317054749,0.7532610893249512,0.19707925617694855,0.6114210486412048
53,0.2302134484052658,0.7856453061103821,0.7856453061103821,0.7709646224975586,0.5760170221328735,0.6283906102180481,0.20908205211162567,0.8215141296386719,0.8215141296386719,0.7911118865013123,0.0430905856192112,0.665114164352417
54,0.22082050144672394,0.8265497088432312,0.8265497088432312,0.7810578346252441,0.3890882432460785,0.6474416851997375,0.22823503613471985,0.7773106694221497,0.7773106694221497,0.7720438241958618,0.11873630434274673,0.6360284686088562
55,0.21700021624565125,0.7990289926528931,0.7990289926528931,0.7832603454589844,0.5736497640609741,0.6463336944580078,0.22437000274658203,0.7830604314804077,0.7830604314804077,0.7758915424346924,0.10655814409255981,0.641132652759552
56,0.19828693568706512,0.8299967050552368,0.8299967050552368,0.8007426857948303,0.507050633430481,0.6731804013252258,0.20175734162330627,0.8230717778205872,0.8230717778205872,0.7984970808029175,0.04233989864587784,0.6738054752349854
57,0.2101553976535797,0.8312397003173828,0.8312397003173828,0.7879994511604309,0.4040151536464691,0.6595253944396973,0.22589871287345886,0.777326226234436,0.777326226234436,0.7742934823036194,0.11180917173624039,0.638701856136322
58,0.20225432515144348,0.8159874081611633,0.8159874081611633,0.7974846363067627,0.5686511397361755,0.6664706468582153,0.20624879002571106,0.8072695136070251,0.8072695136070251,0.7939850091934204,0.06958568096160889,0.6660228371620178
59,0.19238407909870148,0.8467292785644531,0.8467292785644531,0.8059503436088562,0.4045824110507965,0.6838281154632568,0.20556777715682983,0.805462658405304,0.805462658405304,0.7946527004241943,0.06986091285943985,0.6665441989898682
60,0.18635226786136627,0.8398154973983765,0.8398154973983765,0.812791109085083,0.49306365847587585,0.6908645629882812,0.1999690681695938,0.8117080926895142,0.8117080926895142,0.8002499341964722,0.061051301658153534,0.6744272708892822
61,0.18818175792694092,0.8452402353286743,0.8452402353286743,0.8088757395744324,0.4169207215309143,0.6890742182731628,0.19725023210048676,0.8141561150550842,0.8141561150550842,0.8029448986053467,0.058319974690675735,0.6784170269966125
62,0.18144775927066803,0.8484636545181274,0.8484636545181274,0.8188729286193848,0.4502689242362976,0.6986756920814514,0.1952543705701828,0.8159472346305847,0.8159472346305847,0.8048953413963318,0.0584908127784729,0.6814156174659729
63,0.1778910756111145,0.8527387380599976,0.8527387380599976,0.8199059367179871,0.4502209424972534,0.7037906050682068,0.19968195259571075,0.8084203004837036,0.8084203004837036,0.8004560470581055,0.06626096367835999,0.6747373342514038
64,0.18215538561344147,0.8456516265869141,0.8456516265869141,0.8170735239982605,0.46903547644615173,0.6973388195037842,0.1883581131696701,0.8243316411972046,0.8243316411972046,0.8117077350616455,0.05386101081967354,0.6918721795082092
65,0.17889834940433502,0.8504213094711304,0.8504213094711304,0.8199117183685303,0.471193790435791,0.7019650340080261,0.17990627884864807,0.8360298275947571,0.8360298275947571,0.8200715184211731,0.04837314039468765,0.7047791481018066
66,0.1804242879152298,0.851875901222229,0.851875901222229,0.8184779286384583,0.4592420160770416,0.7006284594535828,0.19726665318012238,0.8099919557571411,0.8099919557571411,0.8028618097305298,0.0757361650466919,0.6780193448066711
67,0.17438055574893951,0.8504390716552734,0.8504390716552734,0.8249287605285645,0.5274975299835205,0.7078831195831299,0.1687728315591812,0.8517405390739441,0.8517405390739441,0.8311346173286438,0.04517257586121559,0.7220549583435059
68,0.17803649604320526,0.8497457504272461,0.8497457504272461,0.8207209706306458,0.4995932877063751,0.7028249502182007,0.17865870893001556,0.8363087773323059,0.8363087773323059,0.8213889002799988,0.06537645310163498,0.7064669132232666
69,0.17286060750484467,0.8575580716133118,0.8575580716133118,0.8259997963905334,0.49033045768737793,0.710609495639801,0.1911160796880722,0.8177538514137268,0.8177538514137268,0.8090337514877319,0.08554457873106003,0.687125027179718
70,0.17561748623847961,0.8488712310791016,0.8488712310791016,0.823854923248291,0.544661819934845,0.7060025334358215,0.1700306236743927,0.8481003046035767,0.8481003046035767,0.830001950263977,0.06081870570778847,0.7193751335144043
71,0.16895797848701477,0.8572473526000977,0.8572473526000977,0.829194962978363,0.5283654928207397,0.7151486277580261,0.17661602795124054,0.837755560874939,0.837755560874939,0.8235027194023132,0.07158908993005753,0.7091794610023499
72,0.17312198877334595,0.8562442660331726,0.8562442660331726,0.8271080851554871,0.5033184885978699,0.7094734907150269,0.17973072826862335,0.8324808478355408,0.8324808478355408,0.820397138595581,0.07334773242473602,0.7042301297187805
73,0.16629278659820557,0.8568369150161743,0.8568369150161743,0.8335070610046387,0.5420578122138977,0.7197405099868774,0.16728666424751282,0.8493123650550842,0.8493123650550842,0.8327573537826538,0.05597184598445892,0.7234505414962769
74,0.16431815922260284,0.8621312975883484,0.8621312975883484,0.8340266346931458,0.525219202041626,0.7229875922203064,0.1813412308692932,0.8285703063011169,0.8285703063011169,0.8187301158905029,0.07272347062826157,0.7014647722244263
75,0.16558955609798431,0.8601309061050415,0.8601309061050415,0.8345343470573425,0.5375787019729614,0.7207932472229004,0.172280952334404,0.8404772281646729,0.8404772281646729,0.8277106285095215,0.06326150894165039,0.7150557041168213
76,0.16282455623149872,0.8605270385742188,0.8605270385742188,0.8356232047080994,0.5375111699104309,0.7246694564819336,0.160796120762825,0.8564547300338745,0.8564547300338745,0.8391250371932983,0.05052034184336662,0.7334653735160828
77,0.15901212394237518,0.867213249206543,0.867213249206543,0.8399232029914856,0.520649254322052,0.7297930121421814,0.17298240959644318,0.8391222357749939,0.8391222357749939,0.8269761800765991,0.060492437332868576,0.7137963771820068
78,0.16091306507587433,0.8643617630004883,0.8643617630004883,0.8376830220222473,0.5266709923744202,0.7280550599098206,0.16768671572208405,0.8459785580635071,0.8459785580635071,0.8322958946228027,0.05401879921555519,0.7217530608177185
79,0.15963633358478546,0.863761305809021,0.863761305809021,0.8392147421836853,0.5385974645614624,0.7287975549697876,0.1630849391222,0.8524197936058044,0.8524197936058044,0.8369194269180298,0.04784329980611801,0.7292062044143677
80,0.15852627158164978,0.8659570813179016,0.8659570813179016,0.8405294418334961,0.5314673185348511,0.7307459115982056,0.15489573776721954,0.8636647462844849,0.8636647462844849,0.8450102806091309,0.03724951297044754,0.7420734763145447
81,0.1538296788930893,0.8707231283187866,0.8707231283187866,0.8459343314170837,0.5273224115371704,0.7383838891983032,0.15354950726032257,0.864941418170929,0.864941418170929,0.8462945222854614,0.03475010395050049,0.7439333200454712
82,0.15798825025558472,0.8689815402030945,0.8689815402030945,0.8418932557106018,0.5117955803871155,0.7312186360359192,0.1671413779258728,0.8451993465423584,0.8451993465423584,0.8328043222427368,0.04840192198753357,0.7222877740859985
83,0.15517981350421906,0.8695384860038757,0.8695384860038757,0.8415016531944275,0.5209824442863464,0.7358569502830505,0.18471504747867584,0.8208221197128296,0.8208221197128296,0.8153125047683716,0.0647563710808754,0.6950603723526001
84,0.16726557910442352,0.8491355776786804,0.8491355776786804,0.8342995643615723,0.5991904139518738,0.7166948318481445,0.1444351226091385,0.8813944458961487,0.8813944458961487,0.8551419973373413,0.021174630150198936,0.758517324924469
85,0.17267100512981415,0.851947009563446,0.851947009563446,0.8270531296730042,0.5234121084213257,0.7098167538642883,0.18196412920951843,0.8250463008880615,0.8250463008880615,0.8181033134460449,0.0595540888607502,0.6994573473930359
86,0.1673496812582016,0.8595439791679382,0.8595439791679382,0.8274838328361511,0.5330042839050293,0.7175379991531372,0.15479254722595215,0.8623815178871155,0.8623815178871155,0.8451666831970215,0.03371120244264603,0.7408870458602905
87,0.16199076175689697,0.8567047119140625,0.8567047119140625,0.8353897929191589,0.5797615051269531,0.7243853807449341,0.15559297800064087,0.8611269593238831,0.8611269593238831,0.8444316387176514,0.033302225172519684,0.7397397756576538
88,0.16225479543209076,0.8678129315376282,0.8678129315376282,0.836383044719696,0.49441221356391907,0.7249505519866943,0.1734374612569809,0.8363733887672424,0.8363733887672424,0.826690673828125,0.041992660611867905,0.7117305994033813
89,0.1606004536151886,0.8541202545166016,0.8541202545166016,0.8390350341796875,0.6062443256378174,0.7260841727256775,0.14657144248485565,0.8750986456871033,0.8750986456871033,0.8532593846321106,0.017631901428103447,0.7543767690658569
90,0.1630212366580963,0.8688722848892212,0.8688722848892212,0.8372448086738586,0.4624580442905426,0.7245146036148071,0.1765063852071762,0.8314191102981567,0.8314191102981567,0.8235203623771667,0.03224523738026619,0.707094132900238
91,0.161777064204216,0.852865993976593,0.852865993976593,0.8389439582824707,0.5994143486022949,0.7241998910903931,0.14483925700187683,0.8780855536460876,0.8780855536460876,0.854784369468689,0.011942889541387558,0.7568132281303406
92,0.15940874814987183,0.8712924718856812,0.8712924718856812,0.8387340903282166,0.45562636852264404,0.7288265824317932,0.17862316966056824,0.8277000188827515,0.8277000188827515,0.8213594555854797,0.030511226505041122,0.7035444378852844
93,0.16518881916999817,0.8526172637939453,0.8526172637939453,0.8345645070075989,0.579185962677002,0.7207810282707214,0.14185896515846252,0.8830062747001648,0.8830062747001648,0.8577077388763428,0.00982086081057787,0.7622081637382507
94,0.16168300807476044,0.8685733675956726,0.8685733675956726,0.8373085856437683,0.4559605121612549,0.7261257171630859,0.17641572654247284,0.8308311700820923,0.8308311700820923,0.8235259056091309,0.027073202654719353,0.7067764401435852
95,0.16324512660503387,0.8585315942764282,0.8585315942764282,0.8354712128639221,0.5470269918441772,0.7229208946228027,0.14135770499706268,0.8808942437171936,0.8808942437171936,0.8583468198776245,0.010057320818305016,0.7627996802330017
96,0.15322647988796234,0.8718887567520142,0.8718887567520142,0.8451921939849854,0.5060019493103027,0.7392203211784363,0.163301020860672,0.8479616641998291,0.8479616641998291,0.8366811275482178,0.019712623208761215,0.7270025014877319
97,0.1497173011302948,0.8728660345077515,0.8728660345077515,0.8476746678352356,0.5197761654853821,0.7436251044273376,0.1416362076997757,0.8783314824104309,0.8783314824104309,0.8581223487854004,0.009752432815730572,0.761852502822876
98,0.14920862019062042,0.8732484579086304,0.8732484579086304,0.849364697933197,0.5085974335670471,0.7438746094703674,0.15568025410175323,0.8577537536621094,0.8577537536621094,0.844245195388794,0.014747163280844688,0.7391841411590576
99,0.1548352986574173,0.8685749173164368,0.8685749173164368,0.8421940207481384,0.5055041909217834,0.7352212071418762,0.14522205293178558,0.8717969059944153,0.8717969059944153,0.8546398878097534,0.011173335835337639,0.7558781504631042
100,0.14719395339488983,0.873944878578186,0.873944878578186,0.8526198267936707,0.5270683169364929,0.7476226687431335,0.14239004254341125,0.8757680058479309,0.8757680058479309,0.8574873208999634,0.011395496316254139,0.7610661387443542
101,0.14361512660980225,0.8810827136039734,0.8810827136039734,0.8556854724884033,0.4857530891895294,0.7533257007598877,0.14775341749191284,0.8681719303131104,0.8681719303131104,0.8521999716758728,0.014545955695211887,0.7521368861198425
102,0.14541968703269958,0.8772426843643188,0.8772426843643188,0.8535974621772766,0.519615113735199,0.7503962516784668,0.14477020502090454,0.8717254400253296,0.8717254400253296,0.8550900816917419,0.0135860750451684,0.7566430568695068
103,0.14844326674938202,0.8757776021957397,0.8757776021957397,0.8488865494728088,0.4992353916168213,0.7458075284957886,0.1536329835653305,0.8596356511116028,0.8596356511116028,0.8462238311767578,0.01678798720240593,0.7423527836799622
104,0.1449889838695526,0.8735250234603882,0.8735250234603882,0.8556937575340271,0.5431860685348511,0.749944269657135,0.1359119713306427,0.8842653632164001,0.8842653632164001,0.8637514710426331,0.009881045669317245,0.7715004682540894
105,0.14231592416763306,0.8820606470108032,0.8820606470108032,0.854992151260376,0.48193255066871643,0.7548392415046692,0.15555620193481445,0.856609582901001,0.856609582901001,0.8443107008934021,0.017554793506860733,0.7393104434013367
106,0.15076902508735657,0.8707456588745117,0.8707456588745117,0.8465590476989746,0.520784318447113,0.7420896887779236,0.13569976389408112,0.8835551142692566,0.8835551142692566,0.8639958500862122,0.00998486764729023,0.7716774940490723
107,0.14275842905044556,0.8800414800643921,0.8800414800643921,0.8559791445732117,0.49763578176498413,0.7538132071495056,0.14577575027942657,0.8690284490585327,0.8690284490585327,0.8540512323379517,0.014792206697165966,0.7548551559448242
108,0.13821110129356384,0.8849210739135742,0.8849210739135742,0.8599452972412109,0.5129980444908142,0.7616462111473083,0.13888536393642426,0.878447949886322,0.878447949886322,0.8608797788619995,0.013209061697125435,0.7661665081977844
109,0.14444737136363983,0.8757658004760742,0.8757658004760742,0.8551223278045654,0.5377737879753113,0.7515273094177246,0.1346629112958908,0.8843149542808533,0.8843149542808533,0.8650556802749634,0.012010212056338787,0.7729591727256775
110,0.14259245991706848,0.8810752630233765,0.8810752630233765,0.8546142578125,0.4901992678642273,0.7539054155349731,0.14526863396167755,0.8689900636672974,0.8689900636672974,0.8545631766319275,0.017253972589969635,0.7553287148475647
111,0.1404678076505661,0.8792638778686523,0.8792638778686523,0.8583454489707947,0.5457059144973755,0.7575275897979736,0.13218095898628235,0.8862401247024536,0.8862401247024536,0.8674716949462891,0.011808585375547409,0.7764646410942078
112,0.14137566089630127,0.878836989402771,0.878836989402771,0.8584222793579102,0.5188344120979309,0.7555391788482666,0.1336040198802948,0.8835362792015076,0.8835362792015076,0.8660757541656494,0.013883206993341446,0.774044930934906
113,0.14356103539466858,0.8798438906669617,0.8798438906669617,0.854378879070282,0.49120035767555237,0.7519500851631165,0.14705893397331238,0.8659024834632874,0.8659024834632874,0.8527051210403442,0.019494399428367615,0.7520498633384705
114,0.1407269537448883,0.8803346753120422,0.8803346753120422,0.859259843826294,0.5265032052993774,0.7572123408317566,0.13104917109012604,0.8869336247444153,0.8869336247444153,0.868552565574646,0.012605019845068455,0.7779260277748108
115,0.1346655786037445,0.8853328824043274,0.8853328824043274,0.8656676411628723,0.5221432447433472,0.7667473554611206,0.1369227021932602,0.8786020874977112,0.8786020874977112,0.8628443479537964,0.015696045011281967,0.7684977650642395
116,0.14143940806388855,0.8814516067504883,0.8814516067504883,0.8569690585136414,0.49171721935272217,0.7565022706985474,0.14055633544921875,0.8736734986305237,0.8736734986305237,0.859247088432312,0.016148453578352928,0.7624775171279907
117,0.14139047265052795,0.8778690099716187,0.8778690099716187,0.8561286926269531,0.5411839485168457,0.7557313442230225,0.12779702246189117,0.8918846249580383,0.8918846249580383,0.871773362159729,0.009488132782280445,0.7831732630729675
118,0.13649806380271912,0.8866043090820312,0.8866043090820312,0.8629248142242432,0.5034589171409607,0.7645701169967651,0.13530902564525604,0.8810511231422424,0.8810511231422424,0.8644593954086304,0.01420463714748621,0.7716156244277954
119,0.1359757035970688,0.8871278762817383,0.8871278762817383,0.8617589473724365,0.4813055694103241,0.7655150890350342,0.14206606149673462,0.8722984194755554,0.8722984194755554,0.8577127456665039,0.015587394125759602,0.7607326507568359
120,0.13839778304100037,0.8795976638793945,0.8795976638793945,0.859168291091919,0.5376889705657959,0.7604199051856995,0.12733763456344604,0.8923169374465942,0.8923169374465942,0.8721836805343628,0.008598667569458485,0.7845885157585144
121,0.13144034147262573,0.8896608352661133,0.8896608352661133,0.8668272495269775,0.49334099888801575,0.771496057510376,0.13472405076026917,0.8815569281578064,0.8815569281578064,0.8649144768714905,0.010988952592015266,0.7723608016967773
122,0.13272419571876526,0.8885841369628906,0.8885841369628906,0.8649919629096985,0.500061571598053,0.7690965533256531,0.13550026714801788,0.8799369931221008,0.8799369931221008,0.8642282485961914,0.011140312999486923,0.7711343765258789
123,0.13387882709503174,0.8858623504638672,0.8858623504638672,0.864218533039093,0.5198877453804016,0.7677759528160095,0.1262451857328415,0.8913609981536865,0.8913609981536865,0.8734055757522583,0.007845830172300339,0.7859442234039307
124,0.12848393619060516,0.8918215036392212,0.8918215036392212,0.8697988986968994,0.49750542640686035,0.7757957577705383,0.13058124482631683,0.8854261040687561,0.8854261040687561,0.8690872192382812,0.00837189145386219,0.7784305214881897
125,0.12909109890460968,0.8901611566543579,0.8901611566543579,0.8707847595214844,0.4959198236465454,0.7745872735977173,0.1317666918039322,0.8838653564453125,0.8838653564453125,0.8679777383804321,0.009334067814052105,0.7769342660903931
126,0.12983949482440948,0.8895694613456726,0.8895694613456726,0.8673160672187805,0.4992801547050476,0.7741349339485168,0.12537571787834167,0.8926737308502197,0.8926737308502197,0.8743153810501099,0.007461227476596832,0.7875735759735107
127,0.13247692584991455,0.8880382776260376,0.8880382776260376,0.8673446774482727,0.484866201877594,0.7694692611694336,0.12626057863235474,0.8914270997047424,0.8914270997047424,0.8733960390090942,0.006087621208280325,0.7856742143630981
128,0.13193771243095398,0.8893924951553345,0.8893924951553345,0.8680119514465332,0.4725565016269684,0.7705345153808594,0.13030363619327545,0.8854250311851501,0.8854250311851501,0.8694173097610474,0.007047988474369049,0.7791958451271057
129,0.1354450285434723,0.8858230710029602,0.8858230710029602,0.8627188801765442,0.47178420424461365,0.7651981711387634,0.13540636003017426,0.8788299560546875,0.8788299560546875,0.8643580675125122,0.007987088523805141,0.7710254788398743
130,0.13132765889167786,0.8877798318862915,0.8877798318862915,0.8672506213188171,0.4941326975822449,0.7720138430595398,0.1283322423696518,0.8873471617698669,0.8873471617698669,0.8713927268981934,0.006026675458997488,0.782245934009552
131,0.12716053426265717,0.8922603726387024,0.8922603726387024,0.8704652786254883,0.4824462831020355,0.7781702876091003,0.12557868659496307,0.8909105658531189,0.8909105658531189,0.8741349577903748,0.00525692431256175,0.7866661548614502
132,0.12578876316547394,0.8929258584976196,0.8929258584976196,0.8725709319114685,0.4793248176574707,0.7801323533058167,0.12138144671916962,0.8961489200592041,0.8961489200592041,0.8782704472541809,0.004238870460540056,0.7935606241226196
133,0.12448326498270035,0.895555853843689,0.895555853843689,0.8732979893684387,0.45528557896614075,0.7821862697601318,0.13846805691719055,0.8746223449707031,0.8746223449707031,0.8613249063491821,0.007652362808585167,0.7658650875091553
134,0.13383331894874573,0.8860713839530945,0.8860713839530945,0.8628847002983093,0.47873300313949585,0.7678465843200684,0.12386206537485123,0.8926562070846558,0.8926562070846558,0.8758032917976379,0.004338106140494347,0.7900242805480957
135,0.131121426820755,0.8869207501411438,0.8869207501411438,0.866625964641571,0.47609439492225647,0.7712680697441101,0.12557965517044067,0.8911359310150146,0.8911359310150146,0.8740013837814331,0.002204648917540908,0.7861354947090149
136,0.13087323307991028,0.8910581469535828,0.8910581469535828,0.8669523596763611,0.42169585824012756,0.7723134756088257,0.13954617083072662,0.8730720281600952,0.8730720281600952,0.8602340221405029,0.0048551978543400764,0.7643340229988098
137,0.13036897778511047,0.8867686986923218,0.8867686986923218,0.8704447746276855,0.47877851128578186,0.7732352018356323,0.11755234748125076,0.8998621702194214,0.8998621702194214,0.8821461200714111,0.002582108834758401,0.8002385497093201
138,0.124659463763237,0.8946863412857056,0.8946863412857056,0.8730607628822327,0.45090946555137634,0.7824339270591736,0.12080124765634537,0.8950233459472656,0.8950233459472656,0.8789156675338745,0.0027800356037914753,0.7937924861907959
139,0.125218003988266,0.895764946937561,0.895764946937561,0.8723213076591492,0.4348222315311432,0.7810571789741516,0.133665531873703,0.8792582154273987,0.8792582154273987,0.8660932183265686,0.004111898597329855,0.772584855556488
140,0.1305743008852005,0.8889654278755188,0.8889654278755188,0.8674769401550293,0.46478453278541565,0.7725601196289062,0.12116057425737381,0.8942276239395142,0.8942276239395142,0.878534197807312,0.0030533235985785723,0.7929509878158569
141,0.12277573347091675,0.8971700668334961,0.8971700668334961,0.8746176362037659,0.4597252905368805,0.785144031047821,0.12608543038368225,0.8887298703193665,0.8887298703193665,0.8736594319343567,0.003519662655889988,0.7855989933013916
142,0.11919788271188736,0.8990507125854492,0.8990507125854492,0.879612386226654,0.4613688588142395,0.7911865711212158,0.12420056760311127,0.8911761045455933,0.8911761045455933,0.8755109310150146,0.002707623178139329,0.7888787388801575
143,0.1224944144487381,0.896288275718689,0.896288275718689,0.8776032328605652,0.4452461302280426,0.7852153182029724,0.12398748099803925,0.8916086554527283,0.8916086554527283,0.8756755590438843,0.0020497560035437346,0.7894802093505859
144,0.11854829639196396,0.9002731442451477,0.9002731442451477,0.8800268173217773,0.4403526186943054,0.7923994064331055,0.12228808552026749,0.8936129212379456,0.8936129212379456,0.8773695230484009,0.001587366103194654,0.7924538850784302
145,0.12077043205499649,0.8969818353652954,0.8969818353652954,0.879204511642456,0.45682141184806824,0.7885566353797913,0.11675696074962616,0.8999242186546326,0.8999242186546326,0.8828372955322266,0.0010496183531358838,0.8012164235115051
146,0.12121973931789398,0.8977004885673523,0.8977004885673523,0.8782885074615479,0.42989325523376465,0.7872137427330017,0.12706750631332397,0.8872220516204834,0.8872220516204834,0.8726742267608643,0.0019919099286198616,0.784083366394043
147,0.12193991988897324,0.8966140747070312,0.8966140747070312,0.876748263835907,0.437507688999176,0.7871630191802979,0.12301120907068253,0.8921717405319214,0.8921717405319214,0.8766790628433228,0.0015149087412282825,0.7909818887710571
148,0.12002363055944443,0.8977096676826477,0.8977096676826477,0.8776073455810547,0.4412536323070526,0.7891397476196289,0.11689929664134979,0.8990646600723267,0.8990646600723267,0.8827388286590576,0.000985415535978973,0.8006461262702942
149,0.11926092952489853,0.8988548517227173,0.8988548517227173,0.8788895606994629,0.4423419237136841,0.7910402417182922,0.10903482884168625,0.9084421992301941,0.9084421992301941,0.8905619382858276,0.000987795414403081,0.8142024278640747
150,0.1202852725982666,0.8989765048027039,0.8989765048027039,0.8783106803894043,0.4142642915248871,0.7892064452171326,0.133038729429245,0.8801826238632202,0.8801826238632202,0.8667089939117432,0.003134973580017686,0.7750168442726135
151,0.12413513660430908,0.8957866430282593,0.8957866430282593,0.8728188872337341,0.42411237955093384,0.7837638854980469,0.14344555139541626,0.8672134280204773,0.8672134280204773,0.8564403653144836,0.0032772694248706102,0.7576731443405151
152,0.1328357756137848,0.8800445795059204,0.8800445795059204,0.8693634867668152,0.5024840831756592,0.767484188079834,0.11009630560874939,0.9112838506698608,0.9112838506698608,0.889420747756958,2.0616844267351553e-05,0.8107045292854309
153,0.12560725212097168,0.8967329263687134,0.8967329263687134,0.8743896484375,0.40443217754364014,0.7807236313819885,0.13008880615234375,0.8830200433731079,0.8830200433731079,0.8697758913040161,0.003691992722451687,0.778609037399292
154,0.12377935647964478,0.8961044549942017,0.8961044549942017,0.8735746741294861,0.4390493929386139,0.7837235331535339,0.12074499577283859,0.8938941955566406,0.8938941955566406,0.8789945840835571,0.0032086241990327835,0.794226348400116
155,0.11723136901855469,0.8983375430107117,0.8983375430107117,0.883383572101593,0.48244285583496094,0.7937829494476318,0.1085590198636055,0.9092534184455872,0.9092534184455872,0.890802264213562,0.0006279068766161799,0.8135319948196411
156,0.11705300956964493,0.9030378460884094,0.9030378460884094,0.8818166851997375,0.39928245544433594,0.7936723232269287,0.12948894500732422,0.8839617371559143,0.8839617371559143,0.8701257109642029,0.0034801035653799772,0.7802459597587585
157,0.11498422920703888,0.9026104211807251,0.9026104211807251,0.8820201754570007,0.4510217607021332,0.7983802556991577,0.10884122550487518,0.9082542657852173,0.9082542657852173,0.8906136751174927,0.0006915201665833592,0.8137024641036987
158,0.11724046617746353,0.897364616394043,0.897364616394043,0.8823640942573547,0.4416894316673279,0.7923004031181335,0.10780484229326248,0.9092783331871033,0.9092783331871033,0.8917709589004517,0.0005177592975087464,0.8151749968528748
159,0.1153993234038353,0.9057210683822632,0.9057210683822632,0.8837900161743164,0.3823319971561432,0.7971111536026001,0.1130923256278038,0.9026585817337036,0.9026585817337036,0.886651873588562,0.0008658641017973423,0.8067967295646667
160,0.11416669189929962,0.902923583984375,0.902923583984375,0.8852572441101074,0.43222296237945557,0.7983532547950745,0.10389789193868637,0.9135938286781311,0.9135938286781311,0.8957170248031616,0.0006243796669878066,0.8224092125892639
161,0.11309012025594711,0.9048298001289368,0.9048298001289368,0.8847140669822693,0.4094308018684387,0.7999498844146729,0.11085817217826843,0.9046773314476013,0.9046773314476013,0.8888307809829712,0.001199830323457718,0.8103227019309998
162,0.10964448750019073,0.9083803296089172,0.9083803296089172,0.889456033706665,0.4181502163410187,0.8056086301803589,0.11431201547384262,0.9004793763160706,0.9004793763160706,0.8853572010993958,0.00124048360157758,0.8041706681251526
163,0.1145901083946228,0.9017915725708008,0.9017915725708008,0.8827326893806458,0.43916040658950806,0.7978203296661377,0.10143163800239563,0.9161974787712097,0.9161974787712097,0.8980685472488403,0.0002968809858430177,0.8256217837333679
164,0.11025246232748032,0.9082063436508179,0.9082063436508179,0.8895687460899353,0.4014770984649658,0.80506432056427,0.10441306233406067,0.911962628364563,0.911962628364563,0.8952856659889221,0.0004812492406927049,0.8212227821350098
165,0.11629834026098251,0.9034585952758789,0.9034585952758789,0.8796507716178894,0.3746841847896576,0.7947395443916321,0.11733540892601013,0.8974133729934692,0.8974133729934692,0.882452130317688,0.0005218732985667884,0.8001748919487
166,0.11663424968719482,0.8992359042167664,0.8992359042167664,0.8826616406440735,0.41410863399505615,0.7947751879692078,0.09906574338674545,0.9201479554176331,0.9201479554176331,0.9003602266311646,3.828842454822734e-05,0.8301809430122375
167,0.10726223886013031,0.9104080200195312,0.9104080200195312,0.8920185565948486,0.3715454638004303,0.8094281554222107,0.11009784787893295,0.9057667851448059,0.9057667851448059,0.8895555734634399,0.00047181674744933844,0.812299370765686
168,0.11167740821838379,0.9084013104438782,0.9084013104438782,0.8852826952934265,0.35909244418144226,0.8035157322883606,0.12209027260541916,0.8915555477142334,0.8915555477142334,0.8776827454566956,0.0009412418585270643,0.7919875979423523
169,0.12028555572032928,0.8955459594726562,0.8955459594726562,0.8791027069091797,0.4273557960987091,0.7881704568862915,0.09994888305664062,0.9193300604820251,0.9193300604820251,0.8995123505592346,2.5329489290015772e-05,0.8276934027671814
170,0.10638400167226791,0.9112024307250977,0.9112024307250977,0.8936864733695984,0.37941616773605347,0.8108668923377991,0.11172004789113998,0.9033004641532898,0.9033004641532898,0.8879383206367493,0.0010472999420017004,0.8087775707244873
171,0.1177530288696289,0.9031698107719421,0.9031698107719421,0.8797740936279297,0.36570680141448975,0.7937327027320862,0.12083344161510468,0.8927790522575378,0.8927790522575378,0.8788491487503052,0.0019772902596741915,0.7939997315406799
172,0.11319860070943832,0.9016498327255249,0.9016498327255249,0.8879716992378235,0.4455624222755432,0.8000807166099548,0.09820102155208588,0.9198819398880005,0.9198819398880005,0.901260495185852,7.186497532529756e-05,0.8303213119506836
173,0.10387851297855377,0.9145748019218445,0.9145748019218445,0.894519567489624,0.3773186504840851,0.8149234056472778,0.11402950435876846,0.9005727171897888,0.9005727171897888,0.8856528997421265,0.0010908902622759342,0.8053410053253174
174,0.11204811185598373,0.905002236366272,0.905002236366272,0.8865744471549988,0.39516669511795044,0.8019698858261108,0.10410906374454498,0.9118451476097107,0.9118451476097107,0.8953827023506165,0.00043471704702824354,0.8214053511619568
175,0.1070924624800682,0.909210205078125,0.909210205078125,0.8924055099487305,0.39444273710250854,0.8096274733543396,0.09959623217582703,0.9172853827476501,0.9172853827476501,0.899843692779541,5.1836974307661876e-05,0.8290684819221497
176,0.10026466846466064,0.9156160354614258,0.9156160354614258,0.8984071612358093,0.363262802362442,0.8210310339927673,0.10152687877416611,0.9146110415458679,0.9146110415458679,0.8981382846832275,8.776936738286167e-05,0.8265925049781799
177,0.10843493044376373,0.9096395373344421,0.9096395373344421,0.8876764178276062,0.3458265960216522,0.808322012424469,0.11388812214136124,0.9008901119232178,0.9008901119232178,0.8858991861343384,0.00024504432803951204,0.8064188361167908
178,0.11061932146549225,0.9048080444335938,0.9048080444335938,0.8894533514976501,0.3720024824142456,0.8044416904449463,0.0946570485830307,0.9234934449195862,0.9234934449195862,0.904889702796936,2.3562342903460376e-06,0.8379506468772888
179,0.1009710282087326,0.9154163599014282,0.9154163599014282,0.8986285328865051,0.3383975028991699,0.8201004862785339,0.09970594197511673,0.9169197082519531,0.9169197082519531,0.8999172449111938,3.593255314626731e-05,0.8296612501144409
180,0.10662560164928436,0.9116983413696289,0.9116983413696289,0.8919704556465149,0.315156489610672,0.8108442425727844,0.10973073542118073,0.9053942561149597,0.9053942561149597,0.8899600505828857,0.0001649360201554373,0.8129019737243652
181,0.10872603952884674,0.9071121215820312,0.9071121215820312,0.8921534419059753,0.3739078640937805,0.8071753978729248,0.09350521862506866,0.9236516356468201,0.9236516356468201,0.9059596061706543,1.119210628530709e-05,0.838901937007904
182,0.10613486915826797,0.9091205596923828,0.9091205596923828,0.8920720219612122,0.3582281768321991,0.8101240396499634,0.09718070179224014,0.9189399480819702,0.9189399480819702,0.9023113250732422,9.307076106779277e-05,0.8332223296165466
183,0.1016661748290062,0.915759265422821,0.915759265422821,0.8979547619819641,0.32072439789772034,0.8189994096755981,0.11220460385084152,0.9017471075057983,0.9017471075057983,0.8873921036720276,0.0003958408487960696,0.8079635500907898
184,0.10725470632314682,0.9084121584892273,0.9084121584892273,0.8913984298706055,0.3693027198314667,0.8099762201309204,0.09540494531393051,0.9215367436408997,0.9215367436408997,0.9040178060531616,1.1781165085267276e-05,0.8348534107208252
185,0.10553328692913055,0.9104694128036499,0.9104694128036499,0.8938944935798645,0.35640308260917664,0.8119333982467651,0.10145232081413269,0.9135218262672424,0.9135218262672424,0.8981369733810425,0.00045533719821833074,0.8257206678390503
186,0.0997185930609703,0.9164668917655945,0.9164668917655945,0.8988946080207825,0.3540405333042145,0.8225485682487488,0.10561554878950119,0.9091214537620544,0.9091214537620544,0.8940112590789795,0.0006220366922207177,0.819343090057373
187,0.10674979537725449,0.9084871411323547,0.9084871411323547,0.8930128216743469,0.3936079740524292,0.8104425072669983,0.09145551174879074,0.925274133682251,0.925274133682251,0.9079784750938416,3.946692595491186e-05,0.8413376212120056
188,0.09920825809240341,0.9168996810913086,0.9168996810913086,0.8992015719413757,0.347322016954422,0.8226471543312073,0.0981861874461174,0.917151153087616,0.917151153087616,0.9013174772262573,0.00029040127992630005,0.8315407037734985
189,0.09693610668182373,0.9191638827323914,0.9191638827323914,0.9006989598274231,0.34341922402381897,0.8268508315086365,0.10479376465082169,0.9106099605560303,0.9106099605560303,0.8948132991790771,0.00046593655133619905,0.8218375444412231
190,0.09924256801605225,0.9135879278182983,0.9135879278182983,0.9006982445716858,0.38510996103286743,0.8213315606117249,0.09071414917707443,0.927038311958313,0.927038311958313,0.908721923828125,4.712468580692075e-05,0.8442224264144897
191,0.1003042683005333,0.9171302914619446,0.9171302914619446,0.8984103798866272,0.3333621323108673,0.8217137455940247,0.09945441037416458,0.9167864322662354,0.9167864322662354,0.9001224040985107,0.00014490816101897508,0.8297423124313354
192,0.09823977947235107,0.9181081652641296,0.9181081652641296,0.9007377624511719,0.3449954688549042,0.8244480490684509,0.10753774642944336,0.9069905877113342,0.9069905877113342,0.892134964466095,0.0007139015942811966,0.8165942430496216
193,0.11204154789447784,0.9032649993896484,0.9032649993896484,0.887425422668457,0.4005594253540039,0.8017475605010986,0.08881322294473648,0.9271921515464783,0.9271921515464783,0.9107372760772705,0.0003634438035078347,0.8474476337432861
194,0.09369006007909775,0.9203125238418579,0.9203125238418579,0.9074823260307312,0.38162869215011597,0.8312926888465881,0.09228312224149704,0.9232620000839233,0.9232620000839233,0.9073059558868408,0.0003416501567699015,0.8410992622375488
195,0.09904110431671143,0.9173213839530945,0.9173213839530945,0.8994138836860657,0.3666623532772064,0.8227563500404358,0.0908227264881134,0.9255037903785706,0.9255037903785706,0.9085738062858582,0.00021206009841989726,0.8435586094856262
196,0.09439150243997574,0.9208200573921204,0.9208200573921204,0.9070453643798828,0.3602650761604309,0.8312358856201172,0.09548688679933548,0.920892596244812,0.920892596244812,0.9039942026138306,0.0003805280430242419,0.8371309041976929
197,0.09417667239904404,0.9209691882133484,0.9209691882133484,0.9049156308174133,0.3475215435028076,0.8309323787689209,0.09574910253286362,0.9202306270599365,0.9202306270599365,0.9038093090057373,0.0003027734346687794,0.8365448713302612
198,0.09484624862670898,0.9196605682373047,0.9196605682373047,0.9051632881164551,0.34637317061424255,0.8293994069099426,0.090901680290699,0.9251881837844849,0.9251881837844849,0.9087201356887817,0.00029158126562833786,0.844770073890686
199,0.09739718586206436,0.9184732437133789,0.9184732437133789,0.9015569686889648,0.3604736626148224,0.8268809914588928,0.08365853875875473,0.9331761598587036,0.9331761598587036,0.9159016609191895,0.0001708264899207279,0.8559402227401733
200,0.09563549607992172,0.9217294454574585,0.9217294454574585,0.9038363099098206,0.3277130126953125,0.8286813497543335,0.0950092151761055,0.9203005433082581,0.9203005433082581,0.9045742750167847,0.0005195432459004223,0.8376364707946777
201,0.09548369795084,0.9196699261665344,0.9196699261665344,0.9039275646209717,0.3467825651168823,0.8288511633872986,0.10000762343406677,0.9153419733047485,0.9153419733047485,0.8994157314300537,0.0005301461787894368,0.8288730978965759
202,0.09236955642700195,0.9215289950370789,0.9215289950370789,0.9054258465766907,0.37006932497024536,0.8335137367248535,0.09293606132268906,0.9232276678085327,0.9232276678085327,0.9064350128173828,0.0004199958057142794,0.840684711933136
203,0.09430532157421112,0.9202696084976196,0.9202696084976196,0.9059514999389648,0.3592578172683716,0.8303691744804382,0.09077579528093338,0.9252006411552429,0.9252006411552429,0.9087148904800415,0.0003057206922676414,0.8440896272659302
204,0.08921410888433456,0.9252287149429321,0.9252287149429321,0.9102097153663635,0.3580332100391388,0.8394964933395386,0.09223305433988571,0.9237658381462097,0.9237658381462097,0.9072579741477966,0.0005501774721778929,0.8422684669494629
205,0.08743202686309814,0.9268112182617188,0.9268112182617188,0.9132815003395081,0.3585178852081299,0.8428320288658142,0.09236358106136322,0.9231854677200317,0.9231854677200317,0.9070835113525391,0.00045651799882762134,0.8414580225944519
206,0.0870140790939331,0.9272645711898804,0.9272645711898804,0.9125943183898926,0.34800586104393005,0.8424055576324463,0.09395205974578857,0.9213491082191467,0.9213491082191467,0.9055463075637817,0.0006143841310404241,0.8390651345252991
207,0.08895254135131836,0.924709677696228,0.924709677696228,0.9105013012886047,0.349820613861084,0.8396409749984741,0.09165260940790176,0.9239237308502197,0.9239237308502197,0.9079011082649231,0.0005625492776744068,0.8430382609367371
208,0.09434864670038223,0.9197235107421875,0.9197235107421875,0.9051298499107361,0.35444843769073486,0.8306134939193726,0.09220775216817856,0.9230015873908997,0.9230015873908997,0.907394289970398,0.000545466027688235,0.8419046401977539
209,0.09578493982553482,0.9192808270454407,0.9192808270454407,0.9037876725196838,0.3429952561855316,0.8283981084823608,0.09978429228067398,0.9139912724494934,0.9139912724494934,0.8997745513916016,0.0010785440681502223,0.8276975750923157
210,0.09171893447637558,0.9218398928642273,0.9218398928642273,0.907374382019043,0.373430073261261,0.8341097831726074,0.08047719299793243,0.9349583983421326,0.9349583983421326,0.9190355539321899,0.00043295524665154517,0.8604279160499573
211,0.09182991832494736,0.9223936200141907,0.9223936200141907,0.9075825810432434,0.37350109219551086,0.8347716331481934,0.08178185671567917,0.9331042170524597,0.9331042170524597,0.9177911281585693,0.0006585632218047976,0.8582567572593689
212,0.09630866348743439,0.921281635761261,0.921281635761261,0.904909610748291,0.32410749793052673,0.8277974128723145,0.11793734133243561,0.8933771848678589,0.8933771848678589,0.8817464113235474,0.003238794393837452,0.7973048090934753
213,0.10441114753484726,0.909854531288147,0.909854531288147,0.8946625590324402,0.4090628921985626,0.8136374950408936,0.08230965584516525,0.9324684143066406,0.9324684143066406,0.9171886444091797,0.001176332705654204,0.8576804995536804
214,0.09895346313714981,0.913486659526825,0.913486659526825,0.9004194140434265,0.4070267975330353,0.8217722177505493,0.0818861871957779,0.9327786564826965,0.9327786564826965,0.9175562858581543,0.0006644545937888324,0.8565924763679504
215,0.09320638328790665,0.923693060874939,0.923693060874939,0.9069741368293762,0.3376161456108093,0.832078218460083,0.10567284375429153,0.9063372015953064,0.9063372015953064,0.8939427733421326,0.003718343563377857,0.8167734742164612
216,0.09502595663070679,0.9177545309066772,0.9177545309066772,0.9045589566230774,0.4315156638622284,0.8291856646537781,0.08056805282831192,0.9342013001441956,0.9342013001441956,0.9187973141670227,0.001845486811362207,0.8597339987754822
217,0.09345469623804092,0.9204400777816772,0.9204400777816772,0.9066522717475891,0.3961845338344574,0.8310410380363464,0.09022223204374313,0.9235847592353821,0.9235847592353821,0.9093452095985413,0.0021729988511651754,0.8433833718299866
218,0.09098409116268158,0.9241269826889038,0.9241269826889038,0.9086166024208069,0.3746611177921295,0.8357683420181274,0.08720507472753525,0.927264392375946,0.927264392375946,0.9123984575271606,0.0011174381943419576,0.8486908674240112
219,0.08999334275722504,0.9234640002250671,0.9234640002250671,0.9098997116088867,0.3793988823890686,0.8373205065727234,0.08359050750732422,0.9313095211982727,0.9313095211982727,0.9160316586494446,0.0011769314296543598,0.8560574650764465
220,0.08685968816280365,0.9278772473335266,0.9278772473335266,0.9133301377296448,0.33664482831954956,0.843571126461029,0.1016085296869278,0.9121167659759521,0.9121167659759521,0.8981044292449951,0.0016693546203896403,0.8256479501724243
221,0.09372540563344955,0.9192796945571899,0.9192796945571899,0.9078262448310852,0.36557579040527344,0.8309524655342102,0.08223807066679001,0.9334259033203125,0.9334259033203125,0.9171760082244873,0.0003575581358745694,0.8571335077285767
222,0.08829200267791748,0.9251235723495483,0.9251235723495483,0.9101192355155945,0.33949488401412964,0.8402594327926636,0.09013377130031586,0.9244743585586548,0.9244743585586548,0.9094144105911255,0.0017942513804882765,0.8445630669593811
223,0.08579818904399872,0.9284614324569702,0.9284614324569702,0.9136905670166016,0.3487292528152466,0.845224916934967,0.10260122269392014,0.9109125733375549,0.9109125733375549,0.8971415758132935,0.0036191099788993597,0.8232593536376953
224,0.08979786932468414,0.9223085641860962,0.9223085641860962,0.9108732342720032,0.4131949543952942,0.837725818157196,0.08132705092430115,0.9348218441009521,0.9348218441009521,0.918213963508606,0.0006444285972975194,0.8589573502540588
225,0.08991372585296631,0.9262663125991821,0.9262663125991821,0.9115151762962341,0.33810070157051086,0.838911771774292,0.09727013856172562,0.9162668585777283,0.9162668585777283,0.9023971557617188,0.0029788201209157705,0.8320090770721436
226,0.09125330299139023,0.9223756790161133,0.9223756790161133,0.9080495238304138,0.3867112100124359,0.8359675407409668,0.08413092792034149,0.9305740594863892,0.9305740594863892,0.9153109192848206,0.0030654012225568295,0.8548200726509094
227,0.08816780149936676,0.9246511459350586,0.9246511459350586,0.9117865562438965,0.4030618667602539,0.8404532670974731,0.07776336371898651,0.9369237422943115,0.9369237422943115,0.9216849207878113,0.0024846140295267105,0.8651400804519653
228,0.08371381461620331,0.930184543132782,0.930184543132782,0.9153476357460022,0.36400991678237915,0.8480745553970337,0.0911119133234024,0.9225403070449829,0.9225403070449829,0.9086235761642456,0.0043770261108875275,0.8421516418457031
229,0.08951938152313232,0.9239036440849304,0.9239036440849304,0.9099602699279785,0.3973291218280792,0.838263213634491,0.08056126534938812,0.9337862730026245,0.9337862730026245,0.9190437197685242,0.003448870964348316,0.8601343631744385
230,0.08678963035345078,0.9263845682144165,0.9263845682144165,0.9136430621147156,0.40945225954055786,0.8428463935852051,0.08166376501321793,0.9328257441520691,0.9328257441520691,0.9178117513656616,0.004210414830595255,0.8589187860488892
231,0.08910799026489258,0.9255008697509766,0.9255008697509766,0.9097439646720886,0.3921436667442322,0.8383631706237793,0.08337470889091492,0.9308001399040222,0.9308001399040222,0.9161077737808228,0.00353131047450006,0.8554043769836426
232,0.082339808344841,0.9298855066299438,0.9298855066299438,0.9170824885368347,0.4037342071533203,0.8503439426422119,0.07879701256752014,0.9355418086051941,0.9355418086051941,0.9207456111907959,0.002674308605492115,0.8629160523414612
233,0.08255670219659805,0.9315692782402039,0.9315692782402039,0.9174311757087708,0.3752106726169586,0.8502522110939026,0.08941379934549332,0.9245216250419617,0.9245216250419617,0.9102991819381714,0.005177101586014032,0.8455728888511658
234,0.08729524910449982,0.9253332018852234,0.9253332018852234,0.9141771197319031,0.40541473031044006,0.8420273661613464,0.07590518146753311,0.9385355710983276,0.9385355710983276,0.9235677719116211,0.002175386995077133,0.8681116700172424
235,0.08558851480484009,0.9269224405288696,0.9269224405288696,0.9149420261383057,0.3802136778831482,0.8451041579246521,0.08007257431745529,0.9340558648109436,0.9340558648109436,0.9193407893180847,0.0015227075200527906,0.8601590394973755
236,0.0895272046327591,0.9271326065063477,0.9271326065063477,0.9104674458503723,0.31461459398269653,0.8398815989494324,0.10932529717683792,0.9021550416946411,0.9021550416946411,0.8902288675308228,0.004154849797487259,0.8106154799461365
237,0.09246110916137695,0.9194650650024414,0.9194650650024414,0.9076884388923645,0.4006257653236389,0.832758367061615,0.07448472827672958,0.9402613043785095,0.9402613043785095,0.9248552918434143,0.0019097223412245512,0.870316207408905
238,0.085859514772892,0.9275453686714172,0.9275453686714172,0.9124772548675537,0.3827657401561737,0.8445471525192261,0.08249742537736893,0.931017279624939,0.931017279624939,0.9171180725097656,0.0034129833802580833,0.8561950922012329
239,0.08471186459064484,0.9289873242378235,0.9289873242378235,0.915875256061554,0.35672813653945923,0.8461397886276245,0.08087474852800369,0.9329953789710999,0.9329953789710999,0.9187050461769104,0.0034565816167742014,0.8593460321426392
240,0.0770348533987999,0.9339443445205688,0.9339443445205688,0.9234145283699036,0.4142029881477356,0.858629584312439,0.07593110203742981,0.9385052919387817,0.9385052919387817,0.923526406288147,0.003767578862607479,0.8685617446899414
241,0.0832677111029625,0.9300662875175476,0.9300662875175476,0.9156124591827393,0.35310056805610657,0.8477547764778137,0.08512254059314728,0.9283515810966492,0.9283515810966492,0.9144119024276733,0.004240365698933601,0.852250337600708
242,0.08535873889923096,0.9276574850082397,0.9276574850082397,0.9140782356262207,0.3836674392223358,0.8452008962631226,0.07626206427812576,0.9374514222145081,0.9374514222145081,0.9232606887817383,0.003544856561347842,0.867277979850769
243,0.08628630638122559,0.9268457293510437,0.9268457293510437,0.9136316180229187,0.4002365171909332,0.843687117099762,0.07305653393268585,0.9411786198616028,0.9411786198616028,0.9264112710952759,0.002614811062812805,0.8725039958953857
244,0.08460559695959091,0.9301592111587524,0.9301592111587524,0.9148122668266296,0.3645838499069214,0.8462949991226196,0.0830211490392685,0.9308519959449768,0.9308519959449768,0.9165147542953491,0.004858497995883226,0.8560793995857239
245,0.08147692680358887,0.9316908121109009,0.9316908121109009,0.9190241694450378,0.38842537999153137,0.8527443408966064,0.078523188829422,0.9362991452217102,0.9362991452217102,0.9208947420120239,0.0035013416782021523,0.8644501566886902
246,0.08078868687152863,0.9320245981216431,0.9320245981216431,0.9193601012229919,0.3777376413345337,0.8528363108634949,0.09303102642297745,0.9201804995536804,0.9201804995536804,0.9065704941749573,0.0042611644603312016,0.8387581706047058
247,0.08115295320749283,0.9315910339355469,0.9315910339355469,0.9180492758750916,0.36522290110588074,0.8525949120521545,0.07955852895975113,0.9344273805618286,0.9344273805618286,0.9200246930122375,0.0021141187753528357,0.8618651032447815
248,0.08150295913219452,0.9299726486206055,0.9299726486206055,0.9181509017944336,0.372609406709671,0.8509456515312195,0.07447948306798935,0.9395195245742798,0.9395195245742798,0.9251086711883545,0.002137089380994439,0.8706280589103699
249,0.07874295860528946,0.9339674115180969,0.9339674115180969,0.922163724899292,0.355326384305954,0.8564731478691101,0.08530905842781067,0.9282081723213196,0.9282081723213196,0.9143151044845581,0.004940750077366829,0.8523602485656738
250,0.08264478296041489,0.9296934008598328,0.9296934008598328,0.9177950024604797,0.3721570074558258,0.8502432703971863,0.07252063602209091,0.9414400458335876,0.9414400458335876,0.9269871711730957,0.0021400372497737408,0.8736410140991211
251,0.07739219814538956,0.933270275592804,0.933270275592804,0.9228677749633789,0.37367621064186096,0.8583921790122986,0.07614786922931671,0.937567412853241,0.937567412853241,0.9234486818313599,0.0029711625538766384,0.8674619793891907
252,0.08608078956604004,0.928907036781311,0.928907036781311,0.9131608605384827,0.3281884491443634,0.8448507785797119,0.0938509926199913,0.9188967347145081,0.9188967347145081,0.9058466553688049,0.008072012104094028,0.8373444676399231
253,0.08453389257192612,0.9268299341201782,0.9268299341201782,0.9158644676208496,0.42275387048721313,0.846341073513031,0.07118352502584457,0.9432271122932434,0.9432271122932434,0.9282258749008179,0.0032091704197227955,0.8755913972854614
254,0.07742279767990112,0.9350976943969727,0.9350976943969727,0.9228927493095398,0.3820728659629822,0.8590486645698547,0.08449723571538925,0.9281198978424072,0.9281198978424072,0.9151570796966553,0.005997011438012123,0.8521003127098083
255,0.08139701187610626,0.9311590194702148,0.9311590194702148,0.9169657230377197,0.37923040986061096,0.8515514135360718,0.07590506970882416,0.9375737309455872,0.9375737309455872,0.9236100912094116,0.004244104493409395,0.867576003074646
256,0.0794890895485878,0.9310933947563171,0.9310933947563171,0.9193427562713623,0.4084841310977936,0.8541621565818787,0.07865186780691147,0.9352246522903442,0.9352246522903442,0.9208015203475952,0.005109990015625954,0.8627145886421204
257,0.07714195549488068,0.9359809756278992,0.9359809756278992,0.9229195713996887,0.3588341176509857,0.8592100739479065,0.09091364592313766,0.9219754338264465,0.9219754338264465,0.9088214635848999,0.004484125413000584,0.8420314192771912
258,0.08146125078201294,0.9301521182060242,0.9301521182060242,0.9191341400146484,0.364882230758667,0.8516538143157959,0.07275104522705078,0.9410812258720398,0.9410812258720398,0.9267792701721191,0.0029028551653027534,0.8732175230979919
259,0.07831678539514542,0.9331188201904297,0.9331188201904297,0.9223270416259766,0.38521331548690796,0.85685133934021,0.07579345256090164,0.937853217124939,0.937853217124939,0.9236903190612793,0.007472696248441935,0.8681456446647644
260,0.08098158985376358,0.9326230883598328,0.9326230883598328,0.9181086421012878,0.36798977851867676,0.8525159358978271,0.08529448509216309,0.9271402955055237,0.9271402955055237,0.914210319519043,0.007773339282721281,0.8507332801818848
261,0.08098523318767548,0.9301770925521851,0.9301770925521851,0.918353796005249,0.4203490614891052,0.8522616624832153,0.07386428862810135,0.9394556879997253,0.9394556879997253,0.9255397319793701,0.0039372071623802185,0.8701193928718567
262,0.07908153533935547,0.9341157674789429,0.9341157674789429,0.9209082722663879,0.37362706661224365,0.8559163808822632,0.07920409739017487,0.9337740540504456,0.9337740540504456,0.920366644859314,0.00722336582839489,0.8618403673171997
263,0.07481352239847183,0.9363021850585938,0.9363021850585938,0.9244844913482666,0.399294912815094,0.8632318377494812,0.07326943427324295,0.9405405521392822,0.9405405521392822,0.9263321161270142,0.005140611436218023,0.8730866312980652
264,0.07286898791790009,0.9390960931777954,0.9390960931777954,0.927189290523529,0.37621134519577026,0.8665549159049988,0.07421387732028961,0.9396682977676392,0.9396682977676392,0.9253700971603394,0.003965970128774643,0.8713149428367615
265,0.07794344425201416,0.9345987439155579,0.9345987439155579,0.9211568832397461,0.3447110056877136,0.8579919338226318,0.07914471626281738,0.9347261786460876,0.9347261786460876,0.9204462766647339,0.004643815103918314,0.8625409603118896
266,0.0789639949798584,0.9335764050483704,0.9335764050483704,0.9206021428108215,0.3525986671447754,0.8560434579849243,0.07770099490880966,0.9358014464378357,0.9358014464378357,0.9218844175338745,0.006678274367004633,0.8648601770401001
267,0.0755264014005661,0.9357324838638306,0.9357324838638306,0.9231327176094055,0.38642847537994385,0.8612954616546631,0.07956238090991974,0.933014452457428,0.933014452457428,0.9200654625892639,0.007939925417304039,0.8604267835617065
268,0.07574871927499771,0.935899555683136,0.935899555683136,0.9234649538993835,0.40027669072151184,0.8614846467971802,0.07300487905740738,0.9410398006439209,0.9410398006439209,0.9264940023422241,0.005036373622715473,0.8721494674682617
269,0.07766894996166229,0.9346655011177063,0.9346655011177063,0.9230313301086426,0.3673391342163086,0.8573086261749268,0.07935049384832382,0.9332494139671326,0.9332494139671326,0.9202713966369629,0.00876328069716692,0.8608758449554443
270,0.07538676261901855,0.9363635778427124,0.9363635778427124,0.9235088229179382,0.3948633074760437,0.8616118431091309,0.08265959471464157,0.9301856756210327,0.9301856756210327,0.9169552326202393,0.0104550551623106,0.8557144403457642
271,0.07687876373529434,0.9339753985404968,0.9339753985404968,0.9241302013397217,0.4161430895328522,0.8590260148048401,0.07181296497583389,0.9421773552894592,0.9421773552894592,0.9276211261749268,0.007384016644209623,0.8743288516998291
272,0.07671310007572174,0.9355586767196655,0.9355586767196655,0.9238457679748535,0.37647196650505066,0.8601065874099731,0.0801272913813591,0.9323648810386658,0.9323648810386658,0.9194405674934387,0.012872445397078991,0.8599036931991577
273,0.07677958160638809,0.9347381591796875,0.9347381591796875,0.9220268726348877,0.41795477271080017,0.8591887950897217,0.07576155662536621,0.9365031123161316,0.9365031123161316,0.9237924814224243,0.011604602448642254,0.8669074773788452
274,0.07363805919885635,0.9370673894882202,0.9370673894882202,0.9278709292411804,0.43350890278816223,0.865023672580719,0.06986808776855469,0.9430315494537354,0.9430315494537354,0.9296194314956665,0.010169072076678276,0.8774606585502625
275,0.072477325797081,0.9393926858901978,0.9393926858901978,0.9274647235870361,0.4070221781730652,0.8667425513267517,0.07876822352409363,0.9339894652366638,0.9339894652366638,0.9208959937095642,0.012291209772229195,0.8623461723327637
276,0.07261617481708527,0.9380401372909546,0.9380401372909546,0.9277928471565247,0.4086380898952484,0.8664609789848328,0.07873541861772537,0.9342107176780701,0.9342107176780701,0.9209561347961426,0.010815455578267574,0.8624249696731567
277,0.07272595167160034,0.9377584457397461,0.9377584457397461,0.9265857338905334,0.4224695861339569,0.8668135404586792,0.06853283941745758,0.9452562928199768,0.9452562928199768,0.9309593439102173,0.008461343124508858,0.880191445350647
278,0.07576330006122589,0.9368268847465515,0.9368268847465515,0.9252616763114929,0.3791446387767792,0.8615853190422058,0.0874810740351677,0.9246790409088135,0.9246790409088135,0.9121823906898499,0.014570035971701145,0.8470640778541565
279,0.07804960012435913,0.9340387582778931,0.9340387582778931,0.9212062954902649,0.41142791509628296,0.8580148816108704,0.06948452442884445,0.9437052607536316,0.9437052607536316,0.9300039410591125,0.009987442754209042,0.8783542513847351
280,0.06919781118631363,0.9406110644340515,0.9406110644340515,0.9307630062103271,0.43606531620025635,0.8722203373908997,0.07042305171489716,0.942541778087616,0.942541778087616,0.9291276931762695,0.010698349215090275,0.8765039443969727
281,0.07292487472295761,0.9394672513008118,0.9394672513008118,0.9263288974761963,0.3759821355342865,0.8669291138648987,0.07492218911647797,0.9377123713493347,0.9377123713493347,0.924699604511261,0.012780214659869671,0.8687530755996704
282,0.07186009734869003,0.9388063549995422,0.9388063549995422,0.9271438717842102,0.4257948398590088,0.8683550953865051,0.07222077995538712,0.9408398866653442,0.9408398866653442,0.9273207187652588,0.012336975894868374,0.8739861845970154
283,0.07001416385173798,0.9411916732788086,0.9411916732788086,0.9299468994140625,0.411271333694458,0.871159553527832,0.07275065779685974,0.9406178593635559,0.9406178593635559,0.9268065690994263,0.012408503331243992,0.8733835816383362
284,0.07175268977880478,0.9394925832748413,0.9394925832748413,0.9292945861816406,0.40348291397094727,0.8677889108657837,0.07393056899309158,0.9395278692245483,0.9395278692245483,0.9257338643074036,0.01219797320663929,0.8713648915290833
285,0.0664818286895752,0.9442634582519531,0.9442634582519531,0.9337766766548157,0.3961521089076996,0.8779432773590088,0.07245264202356339,0.9407804012298584,0.9407804012298584,0.9271613359451294,0.011198623105883598,0.873382568359375
286,0.07227752357721329,0.9379836916923523,0.9379836916923523,0.9276092648506165,0.3994605243206024,0.8668537139892578,0.07260898500680923,0.9402682185173035,0.9402682185173035,0.9269446134567261,0.010862625204026699,0.8724556565284729
287,0.0716191977262497,0.9398895502090454,0.9398895502090454,0.9288790225982666,0.38398274779319763,0.8686591982841492,0.07801326364278793,0.9342302680015564,0.9342302680015564,0.9215596914291382,0.016404401510953903,0.8630489706993103
288,0.07135698944330215,0.9379428625106812,0.9379428625106812,0.9296245574951172,0.42861586809158325,0.8681586980819702,0.07516108453273773,0.9374837279319763,0.9374837279319763,0.9244037866592407,0.016658157110214233,0.8683884739875793
289,0.07046934217214584,0.9406465291976929,0.9406465291976929,0.9290676116943359,0.4125421643257141,0.870123028755188,0.07195211201906204,0.9402949213981628,0.9402949213981628,0.9276633858680725,0.014991404488682747,0.8733324408531189
290,0.07203696668148041,0.9393503069877625,0.9393503069877625,0.9275549054145813,0.41219034790992737,0.8675858378410339,0.07735131680965424,0.9348116517066956,0.9348116517066956,0.9223501682281494,0.016215337440371513,0.8642168641090393
291,0.06684514135122299,0.9426803588867188,0.9426803588867188,0.9325117468833923,0.4358369708061218,0.8766546845436096,0.07637961208820343,0.9356885552406311,0.9356885552406311,0.9233183860778809,0.014374316670000553,0.8654043674468994
292,0.06923172622919083,0.9414421319961548,0.9414421319961548,0.9308963418006897,0.40780946612358093,0.8726937770843506,0.06841948628425598,0.9442352056503296,0.9442352056503296,0.931160569190979,0.01000453531742096,0.8795881867408752
293,0.0689162015914917,0.9419664144515991,0.9419664144515991,0.9309121966362,0.38426145911216736,0.8728438019752502,0.0794462189078331,0.9327794313430786,0.9327794313430786,0.9201631546020508,0.015148088335990906,0.8605782389640808
294,0.0728040486574173,0.9382728338241577,0.9382728338241577,0.9259025454521179,0.40446367859840393,0.8659088611602783,0.0726240798830986,0.9398584961891174,0.9398584961891174,0.9269030094146729,0.01320586446672678,0.8724482655525208
295,0.07122752815485,0.9394237399101257,0.9394237399101257,0.9292054176330566,0.3978971540927887,0.8695686459541321,0.07161364704370499,0.9406862854957581,0.9406862854957581,0.9279333353042603,0.011417304165661335,0.8738691210746765
296,0.07161898910999298,0.939954936504364,0.939954936504364,0.9270954132080078,0.368499219417572,0.8688320517539978,0.08097266405820847,0.9309415221214294,0.9309415221214294,0.918676495552063,0.016608573496341705,0.8576128482818604
297,0.06776058673858643,0.9426591992378235,0.9426591992378235,0.9319549202919006,0.40009835362434387,0.8758860230445862,0.06943409889936447,0.9436460137367249,0.9436460137367249,0.9301789999008179,0.013945319689810276,0.8789511919021606
298,0.06698353588581085,0.9440792202949524,0.9440792202949524,0.93312007188797,0.4070006310939789,0.8772944808006287,0.06949887424707413,0.9438456296920776,0.9438456296920776,0.9300433397293091,0.012851182371377945,0.8782382607460022
299,0.07023386657238007,0.9419481158256531,0.9419481158256531,0.9286659359931946,0.3785875141620636,0.8714814782142639,0.08476589620113373,0.9271659851074219,0.9271659851074219,0.9148457050323486,0.02441629394888878,0.851382315158844
300,0.07178163528442383,0.9382516741752625,0.9382516741752625,0.9279230237007141,0.4684506058692932,0.8682124018669128,0.06559095531702042,0.9471486210823059,0.9471486210823059,0.9337794780731201,0.01740301214158535,0.8840814232826233
301,0.06776496022939682,0.9422378540039062,0.9422378540039062,0.9320893287658691,0.44771063327789307,0.8744758367538452,0.0783027708530426,0.9327608942985535,0.9327608942985535,0.9212774038314819,0.02733408473432064,0.8607259392738342
302,0.07208359241485596,0.9392919540405273,0.9392919540405273,0.9278537631034851,0.45232877135276794,0.8677835464477539,0.07107458263635635,0.9405316710472107,0.9405316710472107,0.9285283088684082,0.02381911315023899,0.874005913734436
303,0.07173474878072739,0.9386430978775024,0.9386430978775024,0.9289889931678772,0.4839763939380646,0.8683362603187561,0.0651140958070755,0.9474489688873291,0.9474489688873291,0.9343700408935547,0.018200214952230453,0.8848239779472351
304,0.06973776966333389,0.9423214197158813,0.9423214197158813,0.9313104748725891,0.4142991006374359,0.8723405599594116,0.07278302311897278,0.9392308592796326,0.9392308592796326,0.9268474578857422,0.027638619765639305,0.8717945218086243
305,0.06785094738006592,0.9421905279159546,0.9421905279159546,0.9320762753486633,0.4587160348892212,0.8741954565048218,0.06610017269849777,0.9464279413223267,0.9464279413223267,0.9333906173706055,0.020831787958741188,0.883856475353241
306,0.06854774057865143,0.9416438937187195,0.9416438937187195,0.9308550953865051,0.4369381368160248,0.8734914064407349,0.07299154251813889,0.9390899538993835,0.9390899538993835,0.9265372157096863,0.021158650517463684,0.871332585811615
307,0.06685025990009308,0.943860650062561,0.943860650062561,0.9334415793418884,0.4115430414676666,0.8770550489425659,0.06976203620433807,0.9427861571311951,0.9427861571311951,0.9297277927398682,0.01823381334543228,0.877381443977356
308,0.0650705099105835,0.9446104168891907,0.9446104168891907,0.9347013831138611,0.42371299862861633,0.8791640996932983,0.06921324878931046,0.9436546564102173,0.9436546564102173,0.9302767515182495,0.019171005114912987,0.8789706230163574
309,0.06577901542186737,0.9445308446884155,0.9445308446884155,0.9340221285820007,0.4188377857208252,0.8786261677742004,0.07977192103862762,0.9323206543922424,0.9323206543922424,0.9198085069656372,0.024527208879590034,0.8600902557373047
310,0.06922626495361328,0.9409230947494507,0.9409230947494507,0.9304242134094238,0.42181506752967834,0.8727464079856873,0.07151365280151367,0.9410504698753357,0.9410504698753357,0.9279903173446655,0.0216877032071352,0.8746812343597412
311,0.06755430996417999,0.9423694610595703,0.9423694610595703,0.9329673647880554,0.4425671398639679,0.8754302859306335,0.06653264909982681,0.9464823603630066,0.9464823603630066,0.932933509349823,0.019055191427469254,0.8836327791213989
312,0.06495092064142227,0.9452640414237976,0.9452640414237976,0.9343698620796204,0.4030626118183136,0.8797146081924438,0.0704965591430664,0.9415811896324158,0.9415811896324158,0.9290196895599365,0.02113414742052555,0.8755348324775696
313,0.06742437183856964,0.943294882774353,0.943294882774353,0.9320144653320312,0.4288664162158966,0.8758445382118225,0.06569446623325348,0.9467954039573669,0.9467954039573669,0.9337865114212036,0.02068900503218174,0.884572446346283
314,0.06985559314489365,0.9412639737129211,0.9412639737129211,0.9301867485046387,0.42797502875328064,0.8715186715126038,0.06771612167358398,0.9445798397064209,0.9445798397064209,0.9317455887794495,0.023931819945573807,0.8813332319259644
315,0.06517670303583145,0.9453516006469727,0.9453516006469727,0.9335216879844666,0.4100514352321625,0.8795182108879089,0.08296692371368408,0.9283289313316345,0.9283289313316345,0.9165744781494141,0.030883293598890305,0.8539310097694397
316,0.07453735172748566,0.9360429644584656,0.9360429644584656,0.9256086349487305,0.45070400834083557,0.8634907007217407,0.06393690407276154,0.948333203792572,0.948333203792572,0.9354803562164307,0.02142396941781044,0.8870484828948975
317,0.07083430141210556,0.9391285181045532,0.9391285181045532,0.9291383624076843,0.4771186113357544,0.8693517446517944,0.0651363804936409,0.9470367431640625,0.9470367431640625,0.9343013763427734,0.02590738609433174,0.8849074244499207
318,0.06912285089492798,0.9426593780517578,0.9426593780517578,0.9305232167243958,0.4198182225227356,0.8726549744606018,0.07178529351949692,0.939636766910553,0.939636766910553,0.9277794361114502,0.03259821608662605,0.8730199933052063
319,0.07112352550029755,0.9378589391708374,0.9378589391708374,0.9305620193481445,0.5146324038505554,0.8685581684112549,0.06296540796756744,0.9497454166412354,0.9497454166412354,0.9363987445831299,0.019281232729554176,0.888784646987915
320,0.07124972343444824,0.9411746859550476,0.9411746859550476,0.9302446246147156,0.3903634548187256,0.8695591688156128,0.08048568665981293,0.9308176636695862,0.9308176636695862,0.9191206693649292,0.03205672279000282,0.8582425713539124
321,0.0710771232843399,0.9381656646728516,0.9381656646728516,0.9280829429626465,0.4807237684726715,0.8690320253372192,0.0626477524638176,0.9497289061546326,0.9497289061546326,0.9368149042129517,0.019267935305833817,0.8897678852081299
322,0.06617166846990585,0.9444378018379211,0.9444378018379211,0.9338439106941223,0.4134862422943115,0.8778673410415649,0.076177217066288,0.935876727104187,0.935876727104187,0.9234389066696167,0.025473641231656075,0.8663603067398071
323,0.06382739543914795,0.9459779858589172,0.9459779858589172,0.9368956685066223,0.4228305518627167,0.8826416730880737,0.06749851256608963,0.9448832273483276,0.9448832273483276,0.9319427013397217,0.017837289720773697,0.8813786506652832
324,0.06426521390676498,0.9451360702514648,0.9451360702514648,0.936154305934906,0.4304203987121582,0.8808062672615051,0.07629366219043732,0.9352834224700928,0.9352834224700928,0.923149585723877,0.023459743708372116,0.865429162979126
325,0.06710124015808105,0.9434471130371094,0.9434471130371094,0.9314332008361816,0.4062243402004242,0.8762097954750061,0.06867077946662903,0.942950963973999,0.942950963973999,0.9307409524917603,0.019472576677799225,0.878281831741333
326,0.061899758875370026,0.9470430612564087,0.9470430612564087,0.9390146732330322,0.4306532144546509,0.8856936693191528,0.06662854552268982,0.9456329345703125,0.9456329345703125,0.9327747821807861,0.015722522512078285,0.882239818572998
327,0.0644005686044693,0.9465110898017883,0.9465110898017883,0.936356246471405,0.3668879270553589,0.8811009526252747,0.07842143625020981,0.9333961606025696,0.9333961606025696,0.9211583137512207,0.025054490193724632,0.8621242046356201
328,0.06868984550237656,0.9417692422866821,0.9417692422866821,0.932711660861969,0.4361959397792816,0.8738458156585693,0.06399809569120407,0.949047327041626,0.949047327041626,0.9354355931282043,0.015994345769286156,0.8882743120193481
329,0.0657537430524826,0.9444288015365601,0.9444288015365601,0.9350091814994812,0.39294376969337463,0.878325343132019,0.07642187923192978,0.9353296756744385,0.9353296756744385,0.9230958223342896,0.023094825446605682,0.8656772971153259
330,0.06285886466503143,0.946541428565979,0.946541428565979,0.9365897178649902,0.40292271971702576,0.8832342028617859,0.06610298156738281,0.9456919431686401,0.9456919431686401,0.9332934021949768,0.019193455576896667,0.88321453332901
331,0.060552775859832764,0.9480670690536499,0.9480670690536499,0.9384194016456604,0.42671504616737366,0.8871102929115295,0.06376799941062927,0.9479395747184753,0.9479395747184753,0.9356310367584229,0.01992795802652836,0.8873251080513
332,0.06747462600469589,0.9431217312812805,0.9431217312812805,0.9322910904884338,0.3855535686016083,0.8751292824745178,0.06984329223632812,0.941509485244751,0.941509485244751,0.9296140670776367,0.024067912250757217,0.876467764377594
333,0.05954299122095108,0.9494727849960327,0.9494727849960327,0.9405348896980286,0.42176350951194763,0.8892184495925903,0.0667368695139885,0.9447965025901794,0.9447965025901794,0.9327290058135986,0.02129575051367283,0.8818910717964172
334,0.06364233791828156,0.9456075429916382,0.9456075429916382,0.9358755946159363,0.41054049134254456,0.8822180032730103,0.06390707939863205,0.9483108520507812,0.9483108520507812,0.9355906248092651,0.020428964868187904,0.8877628445625305
335,0.06109478324651718,0.9483295679092407,0.9483295679092407,0.9388651847839355,0.3914037048816681,0.8867078423500061,0.06767753511667252,0.9444852471351624,0.9444852471351624,0.9318860173225403,0.022707749158143997,0.8811089396476746
336,0.06345410645008087,0.9460529088973999,0.9460529088973999,0.9366049766540527,0.40567243099212646,0.8823761940002441,0.06468293070793152,0.9474672675132751,0.9474672675132751,0.93482506275177,0.023220324888825417,0.8865062594413757
337,0.06535671651363373,0.9451662302017212,0.9451662302017212,0.9346377849578857,0.4205784201622009,0.8792247772216797,0.06654220074415207,0.9452560544013977,0.9452560544013977,0.9329007863998413,0.025320546701550484,0.8826114535331726
338,0.06564781814813614,0.9442497491836548,0.9442497491836548,0.9330542683601379,0.42326003313064575,0.878600001335144,0.06557054072618484,0.9462977051734924,0.9462977051734924,0.9338614344596863,0.024491896852850914,0.8842659592628479
339,0.06429503858089447,0.9450622797012329,0.9450622797012329,0.9353936314582825,0.42242711782455444,0.8807165622711182,0.06422808766365051,0.9479586482048035,0.9479586482048035,0.9352301359176636,0.022290773689746857,0.8866774439811707
340,0.06199588626623154,0.9484041333198547,0.9484041333198547,0.9386741518974304,0.3993236720561981,0.8852589130401611,0.06763570010662079,0.9444236755371094,0.9444236755371094,0.9319463968276978,0.02906274050474167,0.8811623454093933
341,0.06125255674123764,0.9488542675971985,0.9488542675971985,0.9388737082481384,0.4164790213108063,0.8870709538459778,0.06766602396965027,0.9440020322799683,0.9440020322799683,0.9318413734436035,0.028213340789079666,0.8806862831115723
342,0.06239950656890869,0.9469534158706665,0.9469534158706665,0.9384040832519531,0.4278605580329895,0.8845883011817932,0.06485483050346375,0.9469279050827026,0.9469279050827026,0.934516429901123,0.02285640873014927,0.8852036595344543
343,0.06054718419909477,0.9491866827011108,0.9491866827011108,0.940633237361908,0.40969574451446533,0.8881248235702515,0.06758103519678116,0.9440213441848755,0.9440213441848755,0.9318358898162842,0.028979986906051636,0.8805710673332214
344,0.06051156669855118,0.9492257833480835,0.9492257833480835,0.9406519532203674,0.4207558333873749,0.8882490992546082,0.06702298671007156,0.9444475769996643,0.9444475769996643,0.9324160814285278,0.031469497829675674,0.8813596367835999
345,0.06074824184179306,0.9487999081611633,0.9487999081611633,0.9388217926025391,0.43432992696762085,0.8873622417449951,0.06440114974975586,0.9468002319335938,0.9468002319335938,0.9350259304046631,0.03257867321372032,0.8857949376106262
346,0.05984080955386162,0.9490951299667358,0.9490951299667358,0.9408475756645203,0.4391845762729645,0.8884485960006714,0.06068592891097069,0.9510558843612671,0.9510558843612671,0.9387213587760925,0.02889714017510414,0.8929254412651062
347,0.06289324909448624,0.9463571310043335,0.9463571310043335,0.9368617534637451,0.4321984648704529,0.8829071521759033,0.07036248594522476,0.9407671689987183,0.9407671689987183,0.9291377067565918,0.036368098109960556,0.8752924799919128
348,0.0646432414650917,0.9454318881034851,0.9454318881034851,0.9353649020195007,0.42263004183769226,0.880720317363739,0.0678720623254776,0.9431589841842651,0.9431589841842651,0.9316199421882629,0.033077530562877655,0.8792526721954346
349,0.061641715466976166,0.9474506378173828,0.9474506378173828,0.9390179514884949,0.4706263542175293,0.8859450221061707,0.06205351650714874,0.9498453736305237,0.9498453736305237,0.9373795986175537,0.02841184474527836,0.8904075622558594
350,0.06559542566537857,0.945631206035614,0.945631206035614,0.9361253380775452,0.4139479696750641,0.87918621301651,0.07834401726722717,0.9316871762275696,0.9316871762275696,0.9211289882659912,0.04714168980717659,0.8600297570228577
351,0.06357000023126602,0.9454132318496704,0.9454132318496704,0.936802089214325,0.4897497594356537,0.8823407292366028,0.06025433912873268,0.9514600038528442,0.9514600038528442,0.9391252994537354,0.03124317340552807,0.8933984637260437
352,0.06337251514196396,0.9465337991714478,0.9465337991714478,0.9360289573669434,0.44777122139930725,0.8816271424293518,0.06728806346654892,0.9433497190475464,0.9433497190475464,0.9322094321250916,0.038885749876499176,0.8800277709960938
353,0.058221302926540375,0.9505685567855835,0.9505685567855835,0.9420468807220459,0.4556407928466797,0.8919192552566528,0.06347496062517166,0.9477623105049133,0.9477623105049133,0.936050534248352,0.03642885759472847,0.8876269459724426
354,0.0576404333114624,0.9508150219917297,0.9508150219917297,0.9423138499259949,0.47006213665008545,0.8927069306373596,0.06608454138040543,0.9448481202125549,0.9448481202125549,0.9333980083465576,0.03785305842757225,0.8825935125350952
355,0.05894193798303604,0.9498071670532227,0.9498071670532227,0.941003143787384,0.456816166639328,0.890260636806488,0.06250455975532532,0.9486516118049622,0.9486516118049622,0.9369084239006042,0.03355454280972481,0.8891074657440186
356,0.06007753685116768,0.9484796524047852,0.9484796524047852,0.9402122497558594,0.4511232376098633,0.8878902792930603,0.06509444117546082,0.9459282159805298,0.9459282159805298,0.93436598777771,0.03953825309872627,0.884558379650116
357,0.058425020426511765,0.9503637552261353,0.9503637552261353,0.9416101574897766,0.4626445174217224,0.8916051983833313,0.06348002701997757,0.9478482604026794,0.9478482604026794,0.9359885454177856,0.036221932619810104,0.8876222372055054
358,0.06026019901037216,0.9488372802734375,0.9488372802734375,0.9403498768806458,0.44577521085739136,0.889000415802002,0.06105462461709976,0.950579047203064,0.950579047203064,0.9384087324142456,0.034809764474630356,0.8922854661941528
359,0.058646153658628464,0.9499338269233704,0.9499338269233704,0.9414125084877014,0.4594772458076477,0.8907750248908997,0.06142539158463478,0.9501240849494934,0.9501240849494934,0.9380360841751099,0.03665388375520706,0.8914790749549866
360,0.05840287357568741,0.9511154294013977,0.9511154294013977,0.9415192604064941,0.43259966373443604,0.8917750120162964,0.06713985651731491,0.9438364505767822,0.9438364505767822,0.9323633909225464,0.04154422506690025,0.8805319666862488
361,0.0585002675652504,0.9502483606338501,0.9502483606338501,0.9423761963844299,0.46657928824424744,0.8912971019744873,0.06106090918183327,0.951653778553009,0.951653778553009,0.9384311437606812,0.031257763504981995,0.8931295871734619
362,0.05885763093829155,0.9507738351821899,0.9507738351821899,0.9416678547859192,0.4341174066066742,0.890993595123291,0.0636526420712471,0.9476951360702515,0.9476951360702515,0.9358203411102295,0.03840809315443039,0.8872742056846619
363,0.059006355702877045,0.9508102536201477,0.9508102536201477,0.9415116310119629,0.4399484694004059,0.8908849358558655,0.06415397673845291,0.9465522766113281,0.9465522766113281,0.9352853894233704,0.04321451112627983,0.8857297897338867
364,0.061458490788936615,0.9473053216934204,0.9473053216934204,0.938230037689209,0.4853535294532776,0.8859924674034119,0.05761990323662758,0.9541521668434143,0.9541521668434143,0.941831111907959,0.039606157690286636,0.898697018623352
365,0.057126618921756744,0.9527761340141296,0.9527761340141296,0.9439105987548828,0.4507254660129547,0.8941181898117065,0.06591354310512543,0.944415271282196,0.944415271282196,0.9335513114929199,0.05354257673025131,0.8821871280670166
366,0.0643562525510788,0.9453420639038086,0.9453420639038086,0.9358749985694885,0.49889692664146423,0.8810726404190063,0.05847097188234329,0.953381359577179,0.953381359577179,0.9409242868423462,0.039712417870759964,0.8965961933135986
367,0.059489380568265915,0.9498449563980103,0.9498449563980103,0.9416856169700623,0.48419031500816345,0.8894550800323486,0.06276312470436096,0.9476372003555298,0.9476372003555298,0.9367064833641052,0.06027986854314804,0.8878948092460632
368,0.060094378888607025,0.9490167498588562,0.9490167498588562,0.9394083023071289,0.5031052827835083,0.888227105140686,0.058301571756601334,0.952215850353241,0.952215850353241,0.9411685466766357,0.0567709356546402,0.8960534334182739
369,0.060517143458127975,0.9477413296699524,0.9477413296699524,0.9409007430076599,0.5297986268997192,0.8868826031684875,0.05819617584347725,0.9533251523971558,0.9533251523971558,0.9412224888801575,0.048119425773620605,0.8970193266868591
370,0.059741877019405365,0.950588583946228,0.950588583946228,0.9401533007621765,0.4711856245994568,0.889006495475769,0.07406096905469894,0.9364184141159058,0.9364184141159058,0.9254199862480164,0.07105465233325958,0.867927610874176
371,0.06560873985290527,0.9431770443916321,0.9431770443916321,0.9351921081542969,0.5440950393676758,0.8783454895019531,0.06111777946352959,0.9506729245185852,0.9506729245185852,0.9382034540176392,0.044071827083826065,0.891974687576294
372,0.05629684776067734,0.9528810381889343,0.9528810381889343,0.9447819590568542,0.47428208589553833,0.895787239074707,0.06646079570055008,0.9444778561592102,0.9444778561592102,0.9329390525817871,0.052391231060028076,0.8818200826644897
373,0.05782611295580864,0.9506969451904297,0.9506969451904297,0.9417164921760559,0.46921107172966003,0.8927451372146606,0.06614860892295837,0.9454109072685242,0.9454109072685242,0.9333027601242065,0.054799146950244904,0.883552610874176
374,0.05853281170129776,0.9499353170394897,0.9499353170394897,0.9413564801216125,0.4954822063446045,0.8908625245094299,0.06036367639899254,0.9516161680221558,0.9516161680221558,0.9390321969985962,0.04420012608170509,0.8939071297645569
375,0.056502532213926315,0.9523794054985046,0.9523794054985046,0.9441154599189758,0.44790855050086975,0.8948209881782532,0.0679084062576294,0.9426640868186951,0.9426640868186951,0.931529700756073,0.05657366290688515,0.8787829875946045
376,0.06293433904647827,0.945687472820282,0.945687472820282,0.9375273585319519,0.49858683347702026,0.8828927874565125,0.06031285598874092,0.9509450197219849,0.9509450197219849,0.9390977621078491,0.05043317750096321,0.893272340297699
377,0.05814867094159126,0.9505090713500977,0.9505090713500977,0.9413142204284668,0.4737486243247986,0.891379177570343,0.06151273101568222,0.9493978023529053,0.9493978023529053,0.9378867149353027,0.05257299542427063,0.8907185792922974
378,0.05635333061218262,0.9527137875556946,0.9527137875556946,0.9436511397361755,0.46564194560050964,0.8950151205062866,0.06655113399028778,0.9438486695289612,0.9438486695289612,0.9328497052192688,0.05671252682805061,0.8809088468551636
379,0.05850670486688614,0.9499305486679077,0.9499305486679077,0.9436191916465759,0.5058667063713074,0.8909594416618347,0.0599910207092762,0.9513720273971558,0.9513720273971558,0.9393682479858398,0.04790937900543213,0.8937289714813232
380,0.05722843483090401,0.9515417218208313,0.9515417218208313,0.9429441094398499,0.47096532583236694,0.892866313457489,0.06651344895362854,0.9438697695732117,0.9438697695732117,0.9328932762145996,0.058788642287254333,0.8808118104934692
381,0.054861605167388916,0.9533939361572266,0.9533939361572266,0.945816695690155,0.5078651309013367,0.8973140716552734,0.06030196323990822,0.9508252739906311,0.9508252739906311,0.9390771985054016,0.05164632946252823,0.8928671479225159
382,0.05396006256341934,0.9541845321655273,0.9541845321655273,0.9458052515983582,0.494864821434021,0.8990609049797058,0.06292329728603363,0.9479235410690308,0.9479235410690308,0.9365219473838806,0.06217881664633751,0.8880605697631836
383,0.05616800859570503,0.9525512456893921,0.9525512456893921,0.9448559284210205,0.5104727149009705,0.895230770111084,0.058624912053346634,0.9532071352005005,0.9532071352005005,0.9408140182495117,0.05888695269823074,0.8970845937728882
384,0.05870206281542778,0.9494954943656921,0.9494954943656921,0.942298412322998,0.5253747701644897,0.8899713754653931,0.05998851731419563,0.9509539008140564,0.9509539008140564,0.9393399953842163,0.05811821296811104,0.8930391669273376
385,0.058373939245939255,0.951280951499939,0.951280951499939,0.9412131905555725,0.4751559793949127,0.8909063935279846,0.06335556507110596,0.9469403624534607,0.9469403624534607,0.9360125064849854,0.06708130985498428,0.8864129781723022
386,0.06158803775906563,0.9468290209770203,0.9468290209770203,0.9400465488433838,0.5375099182128906,0.8858919739723206,0.05723398178815842,0.9542455077171326,0.9542455077171326,0.9421846866607666,0.058784279972314835,0.8991506099700928
387,0.059921979904174805,0.9500781893730164,0.9500781893730164,0.9397810101509094,0.47153589129447937,0.8887456655502319,0.0660814717411995,0.9441691040992737,0.9441691040992737,0.9333792924880981,0.07242370396852493,0.8816958665847778
388,0.05847115442156792,0.9496734738349915,0.9496734738349915,0.9421820044517517,0.5372273921966553,0.8907497525215149,0.0597253255546093,0.9518745541572571,0.9518745541572571,0.9396176934242249,0.055486585944890976,0.8938981890678406
389,0.054347552359104156,0.9539238214492798,0.9539238214492798,0.9466025233268738,0.5082417130470276,0.8983731269836426,0.06596073508262634,0.9447601437568665,0.9447601437568665,0.9334585666656494,0.07819974422454834,0.8822200894355774
390,0.055526040494441986,0.9522708654403687,0.9522708654403687,0.9443455338478088,0.5422419905662537,0.8951944708824158,0.06009553372859955,0.9507237672805786,0.9507237672805786,0.9392331838607788,0.06773111969232559,0.8927995562553406
391,0.055699825286865234,0.9524585604667664,0.9524585604667664,0.945142924785614,0.5495613217353821,0.8957204222679138,0.05730906501412392,0.9540700316429138,0.9540700316429138,0.9420680999755859,0.061698511242866516,0.8986794352531433
392,0.05569298192858696,0.9527923464775085,0.9527923464775085,0.944688081741333,0.4996435046195984,0.8959676623344421,0.06607028841972351,0.944654107093811,0.944654107093811,0.9334684610366821,0.0844443067908287,0.8828631043434143
393,0.061836980283260345,0.9481342434883118,0.9481342434883118,0.9381861686706543,0.5311872959136963,0.8864417672157288,0.059084609150886536,0.9519495368003845,0.9519495368003845,0.9403194189071655,0.06652767956256866,0.8952481150627136
394,0.05728720501065254,0.9504528045654297,0.9504528045654297,0.9424049258232117,0.553650975227356,0.8930071592330933,0.06337036192417145,0.9474354982376099,0.9474354982376099,0.9359638690948486,0.06731567531824112,0.8865875601768494
395,0.05819291993975639,0.9516136050224304,0.9516136050224304,0.9427044987678528,0.49796608090400696,0.8920126557350159,0.06279347836971283,0.9478713870048523,0.9478713870048523,0.9365839958190918,0.07661604136228561,0.8879250884056091
396,0.05895230919122696,0.9486915469169617,0.9486915469169617,0.9417272210121155,0.586360514163971,0.8898783922195435,0.05783657729625702,0.9540662169456482,0.9540662169456482,0.9415022134780884,0.05971712991595268,0.8977993726730347
397,0.061238788068294525,0.9496116638183594,0.9496116638183594,0.9387610554695129,0.46687182784080505,0.8862811923027039,0.06895601749420166,0.9407178163528442,0.9407178163528442,0.9304568767547607,0.09915488213300705,0.8761848211288452
398,0.06240493059158325,0.9459083676338196,0.9459083676338196,0.9391544461250305,0.6022924780845642,0.8838774561882019,0.058559443801641464,0.9540097713470459,0.9540097713470459,0.9407511353492737,0.05466339364647865,0.8972599506378174
399,0.058548927307128906,0.9511691927909851,0.9511691927909851,0.9414815902709961,0.4840339124202728,0.8911673426628113,0.07003244757652283,0.9402297735214233,0.9402297735214233,0.9292986392974854,0.07711273431777954,0.874546468257904
